-- MySQL dump 10.13  Distrib 8.0.40, for Win64 (x86_64)
--
-- Host: localhost    Database: test
-- ------------------------------------------------------
-- Server version	8.0.40

/*!40101 SET @OLD_CHARACTER_SET_CLIENT=@@CHARACTER_SET_CLIENT */;
/*!40101 SET @OLD_CHARACTER_SET_RESULTS=@@CHARACTER_SET_RESULTS */;
/*!40101 SET @OLD_COLLATION_CONNECTION=@@COLLATION_CONNECTION */;
/*!50503 SET NAMES utf8mb4 */;
/*!40103 SET @OLD_TIME_ZONE=@@TIME_ZONE */;
/*!40103 SET TIME_ZONE='+00:00' */;
/*!40014 SET @OLD_UNIQUE_CHECKS=@@UNIQUE_CHECKS, UNIQUE_CHECKS=0 */;
/*!40014 SET @OLD_FOREIGN_KEY_CHECKS=@@FOREIGN_KEY_CHECKS, FOREIGN_KEY_CHECKS=0 */;
/*!40101 SET @OLD_SQL_MODE=@@SQL_MODE, SQL_MODE='NO_AUTO_VALUE_ON_ZERO' */;
/*!40111 SET @OLD_SQL_NOTES=@@SQL_NOTES, SQL_NOTES=0 */;

--
-- Table structure for table `accounts_myuser`
--

DROP TABLE IF EXISTS `accounts_myuser`;
/*!40101 SET @saved_cs_client     = @@character_set_client */;
/*!50503 SET character_set_client = utf8mb4 */;
CREATE TABLE `accounts_myuser` (
  `id` bigint NOT NULL AUTO_INCREMENT,
  `password` varchar(128) NOT NULL,
  `is_superuser` tinyint(1) NOT NULL,
  `first_name` varchar(150) NOT NULL,
  `last_name` varchar(150) NOT NULL,
  `email` varchar(254) NOT NULL,
  `is_staff` tinyint(1) NOT NULL,
  `is_active` tinyint(1) NOT NULL,
  `date_joined` datetime(6) NOT NULL,
  `username` varchar(50) NOT NULL,
  `role` varchar(12) NOT NULL,
  `last_login` datetime(6) NOT NULL,
  PRIMARY KEY (`id`),
  UNIQUE KEY `username` (`username`)
) ENGINE=InnoDB AUTO_INCREMENT=21 DEFAULT CHARSET=utf8mb4 COLLATE=utf8mb4_0900_ai_ci;
/*!40101 SET character_set_client = @saved_cs_client */;

--
-- Dumping data for table `accounts_myuser`
--

LOCK TABLES `accounts_myuser` WRITE;
/*!40000 ALTER TABLE `accounts_myuser` DISABLE KEYS */;
INSERT INTO `accounts_myuser` VALUES (1,'pbkdf2_sha256$600000$IfscihrFinX8h0QZpVVG1Y$66/RKPiSBHRKhgWz/9aaml/6drAIN8Vc7l6QOGVZYGg=',1,'','','',1,1,'2025-03-05 00:58:14.573000','natilove','MR','2025-04-08 10:34:00.662207'),(2,'pbkdf2_sha256$600000$LG1mPcQ07CchmExSWi2kje$/NE2VCkbcAEMsDGTj325jtnWmi85CQNXZE4sscQFVEs=',0,'','','',0,1,'2025-03-04 23:13:08.009508','nahom','DR','2025-03-07 15:13:24.446404'),(3,'pbkdf2_sha256$600000$covBG9wIMmcViqay3CHcCj$zk5oGF+HY9/9tUKwxJUYQYloaCPsulOEVCJ1ITfLuDM=',0,'','','',0,1,'2025-03-05 01:01:33.970000','nahomMR','MR','2025-03-10 22:35:48.419000'),(4,'pbkdf2_sha256$600000$ASkL1RLPcwjwRDlIelv4Lx$ycaIxeUb9a+h4EIzm03qVKg7XDOa48KYHqJ/MNhfCi4=',0,'','','',0,1,'2025-03-05 01:02:05.378000','melkamuMR','MR','2025-03-16 18:23:43.853832'),(5,'pbkdf2_sha256$600000$9WbzBPxc9JezQHRRKepbti$hj/HXC/2EvvfdE5hy3hh4kRY2MFmJ8Zx9pxqDjLKlfY=',0,'','','',0,1,'2025-03-05 01:03:52.362000','yazacehewMR','MR','2025-03-05 01:03:52.362000'),(6,'pbkdf2_sha256$600000$PTmb7z36VKW4uo4wjnn4rF$x7FY7sHxPt7q8O7Jqbvr60C2ElaprqqxYP8Sw9baz0o=',0,'','','',0,1,'2025-03-05 01:04:59.092000','nahomDR','DR','2025-03-10 22:34:18.949000'),(7,'pbkdf2_sha256$600000$efjIx53xbo1iNfQPnuXETD$tUonh0/E6zI/55FR6g5Sokz/n/ErYAw9JNFNZy+xBP4=',0,'','','',0,1,'2025-03-05 01:09:15.275000','mezmurDR','DR','2025-03-05 03:28:01.177000'),(8,'pbkdf2_sha256$600000$KmR36gxqsNCyPCcSgKN9fF$6zjujpD2uDg4mJr57fUHuECjeqtbmfYDjGDfTf+JGE4=',0,'','','',0,1,'2025-03-05 01:10:07.681000','yukunodesign','DR','2025-03-05 01:10:07.681000'),(9,'pbkdf2_sha256$600000$pPGdVrvSVSq6coHizRgmqQ$+48PpH6soPFSVkzCKwg1LlpMAZ5BIJu7XB6pVWtjZBQ=',0,'','','',0,1,'2025-03-05 01:11:05.354000','yazacehewDR','DR','2025-03-05 01:11:05.354000'),(10,'pbkdf2_sha256$600000$qeeqeyXL6MbVeBiyliu9ax$d9zexX7aNX2xGKckwR6KZDVNcapX0NFd5hpXs8Yuuyo=',0,'','','',0,1,'2025-03-05 01:12:12.713000','melkamuOP','OP','2025-04-10 09:06:01.194405'),(11,'pbkdf2_sha256$600000$Vh9wIkjnAZesGAY5JccNWH$6STc8O7RAihSo0vEmzez7+rbm7SSvNdQonNdO/h2Gzk=',0,'','','',0,1,'2025-03-05 01:12:44.632000','mezmurOP','OP','2025-03-08 11:59:27.979000'),(12,'pbkdf2_sha256$600000$EMKXT5bVezn91lLHpwz6r0$azw21l0+a6kXuowYFVZr+nCoDXS2yqEEAusPy3aw9sI=',0,'','','',0,1,'2025-03-05 03:06:02.036000','samiOP','OP','2025-03-10 23:35:12.073000'),(13,'pbkdf2_sha256$600000$Q965g5AMaPJ8kF3ifaRcED$2MCEYk1ZWMBQ1VdSHgAJp+5LUH7cB+KPZkJ1hY/daKw=',0,'','','',0,1,'2025-03-05 03:07:01.882000','negasiOP','OP','2025-03-05 03:17:25.988000'),(14,'pbkdf2_sha256$600000$sQtQaIOw1ExPlsKnLarYmv$bvTCAdI+ntZBVQVIKF3IvmNkEScfB91ssW7Em1zkO9Q=',0,'','','',0,1,'2025-03-05 03:08:17.897000','yukunooperator','OP','2025-03-05 03:08:17.897000'),(15,'pbkdf2_sha256$600000$EDdk3KQqHSAvMh942WoQLv$QGhSLpB1QpAfQuHUZWLqihNTUCvoXL/ccCXDjEwzPSU=',0,'','','',0,1,'2025-03-05 03:09:08.700000','nahomOP','OP','2025-03-10 22:33:33.731000'),(16,'pbkdf2_sha256$600000$nLMM2krajLtwO0hKc2ZjfE$6UcH/ldF3MSWlknb1q0K1Hlolxxa4JmchJmEmjBVccw=',0,'','','',0,1,'2025-03-05 03:09:43.695000','nahomAT','AT','2025-03-10 03:16:47.142000'),(17,'pbkdf2_sha256$600000$5bDOhT7ibvbQYG0D9wyC1w$U/sFtj/gzkAzcQ5DXFS4mzjxuCa/VwR7gD1ltLUAUYo=',0,'','','',0,1,'2025-03-05 03:10:10.728000','yazachewAT','AT','2025-04-10 09:04:45.256021'),(18,'pbkdf2_sha256$600000$DHlHTpULFdHeyiqJG1di9k$ltT6HXkO9vaexkwEUtj1HKgWdbOH3U6UIqcSAOODqJo=',0,'','','',0,1,'2025-03-05 03:10:45.695000','yukunoaccounting','AT','2025-03-05 03:10:45.695000'),(19,'pbkdf2_sha256$600000$jsaz7JmllN7KxcukhI5YK1$7Zyd9WV2N8mdaqd07I5lYQrPJoMjJJV8uk04+Tf1aBI=',0,'','','',0,1,'2025-03-05 03:29:28.849000','melkamuDR','DR','2025-04-10 09:01:34.142616'),(20,'pbkdf2_sha256$600000$M7S4BPEjnS5pOgLvktVPfl$kxrjuxtuU8CirYzbMrZSmBatIRz23mwqBhfZpSLF8rY=',0,'','','',0,1,'2025-03-08 01:02:32.568000','melkamuAT','AT','2025-04-10 09:00:32.831599');
/*!40000 ALTER TABLE `accounts_myuser` ENABLE KEYS */;
UNLOCK TABLES;

--
-- Table structure for table `accounts_myuser_groups`
--

DROP TABLE IF EXISTS `accounts_myuser_groups`;
/*!40101 SET @saved_cs_client     = @@character_set_client */;
/*!50503 SET character_set_client = utf8mb4 */;
CREATE TABLE `accounts_myuser_groups` (
  `id` bigint NOT NULL AUTO_INCREMENT,
  `myuser_id` bigint NOT NULL,
  `group_id` int NOT NULL,
  PRIMARY KEY (`id`),
  UNIQUE KEY `accounts_myuser_groups_myuser_id_group_id_6e1e817b_uniq` (`myuser_id`,`group_id`),
  KEY `accounts_myuser_groups_group_id_25089153_fk_auth_group_id` (`group_id`),
  CONSTRAINT `accounts_myuser_groups_group_id_25089153_fk_auth_group_id` FOREIGN KEY (`group_id`) REFERENCES `auth_group` (`id`),
  CONSTRAINT `accounts_myuser_groups_myuser_id_8dba2d0e_fk_accounts_myuser_id` FOREIGN KEY (`myuser_id`) REFERENCES `accounts_myuser` (`id`)
) ENGINE=InnoDB DEFAULT CHARSET=utf8mb4 COLLATE=utf8mb4_0900_ai_ci;
/*!40101 SET character_set_client = @saved_cs_client */;

--
-- Dumping data for table `accounts_myuser_groups`
--

LOCK TABLES `accounts_myuser_groups` WRITE;
/*!40000 ALTER TABLE `accounts_myuser_groups` DISABLE KEYS */;
/*!40000 ALTER TABLE `accounts_myuser_groups` ENABLE KEYS */;
UNLOCK TABLES;

--
-- Table structure for table `accounts_myuser_user_permissions`
--

DROP TABLE IF EXISTS `accounts_myuser_user_permissions`;
/*!40101 SET @saved_cs_client     = @@character_set_client */;
/*!50503 SET character_set_client = utf8mb4 */;
CREATE TABLE `accounts_myuser_user_permissions` (
  `id` bigint NOT NULL AUTO_INCREMENT,
  `myuser_id` bigint NOT NULL,
  `permission_id` int NOT NULL,
  PRIMARY KEY (`id`),
  UNIQUE KEY `accounts_myuser_user_per_myuser_id_permission_id_d0c28f68_uniq` (`myuser_id`,`permission_id`),
  KEY `accounts_myuser_user_permission_id_27a5b249_fk_auth_perm` (`permission_id`),
  CONSTRAINT `accounts_myuser_user_myuser_id_e664c60a_fk_accounts_` FOREIGN KEY (`myuser_id`) REFERENCES `accounts_myuser` (`id`),
  CONSTRAINT `accounts_myuser_user_permission_id_27a5b249_fk_auth_perm` FOREIGN KEY (`permission_id`) REFERENCES `auth_permission` (`id`)
) ENGINE=InnoDB DEFAULT CHARSET=utf8mb4 COLLATE=utf8mb4_0900_ai_ci;
/*!40101 SET character_set_client = @saved_cs_client */;

--
-- Dumping data for table `accounts_myuser_user_permissions`
--

LOCK TABLES `accounts_myuser_user_permissions` WRITE;
/*!40000 ALTER TABLE `accounts_myuser_user_permissions` DISABLE KEYS */;
/*!40000 ALTER TABLE `accounts_myuser_user_permissions` ENABLE KEYS */;
UNLOCK TABLES;

--
-- Table structure for table `accounts_overtime`
--

DROP TABLE IF EXISTS `accounts_overtime`;
/*!40101 SET @saved_cs_client     = @@character_set_client */;
/*!50503 SET character_set_client = utf8mb4 */;
CREATE TABLE `accounts_overtime` (
  `id` bigint NOT NULL AUTO_INCREMENT,
  `date` date NOT NULL,
  `paid` tinyint(1) NOT NULL,
  PRIMARY KEY (`id`)
) ENGINE=InnoDB AUTO_INCREMENT=3 DEFAULT CHARSET=utf8mb4 COLLATE=utf8mb4_0900_ai_ci;
/*!40101 SET character_set_client = @saved_cs_client */;

--
-- Dumping data for table `accounts_overtime`
--

LOCK TABLES `accounts_overtime` WRITE;
/*!40000 ALTER TABLE `accounts_overtime` DISABLE KEYS */;
INSERT INTO `accounts_overtime` VALUES (2,'2025-03-20',0);
/*!40000 ALTER TABLE `accounts_overtime` ENABLE KEYS */;
UNLOCK TABLES;

--
-- Table structure for table `accounts_overtime_ammount`
--

DROP TABLE IF EXISTS `accounts_overtime_ammount`;
/*!40101 SET @saved_cs_client     = @@character_set_client */;
/*!50503 SET character_set_client = utf8mb4 */;
CREATE TABLE `accounts_overtime_ammount` (
  `id` bigint NOT NULL AUTO_INCREMENT,
  `overtime_id` bigint NOT NULL,
  `item_id` varchar(250) NOT NULL,
  PRIMARY KEY (`id`),
  UNIQUE KEY `accounts_overtime_ammount_overtime_id_item_id_f2395718_uniq` (`overtime_id`,`item_id`),
  KEY `accounts_overtime_ammount_item_id_f285eef9_fk_store_item_id` (`item_id`),
  CONSTRAINT `accounts_overtime_am_overtime_id_2ca732f7_fk_accounts_` FOREIGN KEY (`overtime_id`) REFERENCES `accounts_overtime` (`id`),
  CONSTRAINT `accounts_overtime_ammount_item_id_f285eef9_fk_store_item_id` FOREIGN KEY (`item_id`) REFERENCES `store_item` (`id`)
) ENGINE=InnoDB AUTO_INCREMENT=5 DEFAULT CHARSET=utf8mb4 COLLATE=utf8mb4_0900_ai_ci;
/*!40101 SET character_set_client = @saved_cs_client */;

--
-- Dumping data for table `accounts_overtime_ammount`
--

LOCK TABLES `accounts_overtime_ammount` WRITE;
/*!40000 ALTER TABLE `accounts_overtime_ammount` DISABLE KEYS */;
INSERT INTO `accounts_overtime_ammount` VALUES (4,2,'MA08AB001B');
/*!40000 ALTER TABLE `accounts_overtime_ammount` ENABLE KEYS */;
UNLOCK TABLES;

--
-- Table structure for table `accounts_overtimeconnect`
--

DROP TABLE IF EXISTS `accounts_overtimeconnect`;
/*!40101 SET @saved_cs_client     = @@character_set_client */;
/*!50503 SET character_set_client = utf8mb4 */;
CREATE TABLE `accounts_overtimeconnect` (
  `id` bigint NOT NULL AUTO_INCREMENT,
  `myuser_id` bigint NOT NULL,
  `overtime_id` bigint NOT NULL,
  `date` date NOT NULL,
  PRIMARY KEY (`id`),
  KEY `accounts_overtimecon_myuser_id_e17a2689_fk_accounts_` (`myuser_id`),
  KEY `accounts_overtimecon_overtime_id_ff3addaa_fk_accounts_` (`overtime_id`),
  CONSTRAINT `accounts_overtimecon_myuser_id_e17a2689_fk_accounts_` FOREIGN KEY (`myuser_id`) REFERENCES `accounts_myuser` (`id`),
  CONSTRAINT `accounts_overtimecon_overtime_id_ff3addaa_fk_accounts_` FOREIGN KEY (`overtime_id`) REFERENCES `accounts_overtime` (`id`)
) ENGINE=InnoDB AUTO_INCREMENT=3 DEFAULT CHARSET=utf8mb4 COLLATE=utf8mb4_0900_ai_ci;
/*!40101 SET character_set_client = @saved_cs_client */;

--
-- Dumping data for table `accounts_overtimeconnect`
--

LOCK TABLES `accounts_overtimeconnect` WRITE;
/*!40000 ALTER TABLE `accounts_overtimeconnect` DISABLE KEYS */;
INSERT INTO `accounts_overtimeconnect` VALUES (2,10,2,'2025-03-20');
/*!40000 ALTER TABLE `accounts_overtimeconnect` ENABLE KEYS */;
UNLOCK TABLES;

--
-- Table structure for table `accounts_supplier`
--

DROP TABLE IF EXISTS `accounts_supplier`;
/*!40101 SET @saved_cs_client     = @@character_set_client */;
/*!50503 SET character_set_client = utf8mb4 */;
CREATE TABLE `accounts_supplier` (
  `id` bigint NOT NULL AUTO_INCREMENT,
  `name` varchar(50) NOT NULL,
  `slug` varchar(50) NOT NULL,
  `phone_number` bigint DEFAULT NULL,
  `address` varchar(50) DEFAULT NULL,
  `user_id` bigint DEFAULT NULL,
  PRIMARY KEY (`id`),
  UNIQUE KEY `slug` (`slug`),
  KEY `accounts_supplier_user_id_7291982f_fk_accounts_myuser_id` (`user_id`),
  CONSTRAINT `accounts_supplier_user_id_7291982f_fk_accounts_myuser_id` FOREIGN KEY (`user_id`) REFERENCES `accounts_myuser` (`id`)
) ENGINE=InnoDB AUTO_INCREMENT=3 DEFAULT CHARSET=utf8mb4 COLLATE=utf8mb4_0900_ai_ci;
/*!40101 SET character_set_client = @saved_cs_client */;

--
-- Dumping data for table `accounts_supplier`
--

LOCK TABLES `accounts_supplier` WRITE;
/*!40000 ALTER TABLE `accounts_supplier` DISABLE KEYS */;
INSERT INTO `accounts_supplier` VALUES (1,'mohamod golagol','mohamod-golagol',251913690512,'addis ketema, molamaru, chinklo',NULL),(2,'China (teha)','china-teha',251915793802,'addis ketema, molamaru, chinklo',NULL);
/*!40000 ALTER TABLE `accounts_supplier` ENABLE KEYS */;
UNLOCK TABLES;

--
-- Table structure for table `auth_group`
--

DROP TABLE IF EXISTS `auth_group`;
/*!40101 SET @saved_cs_client     = @@character_set_client */;
/*!50503 SET character_set_client = utf8mb4 */;
CREATE TABLE `auth_group` (
  `id` int NOT NULL AUTO_INCREMENT,
  `name` varchar(150) NOT NULL,
  PRIMARY KEY (`id`),
  UNIQUE KEY `name` (`name`)
) ENGINE=InnoDB DEFAULT CHARSET=utf8mb4 COLLATE=utf8mb4_0900_ai_ci;
/*!40101 SET character_set_client = @saved_cs_client */;

--
-- Dumping data for table `auth_group`
--

LOCK TABLES `auth_group` WRITE;
/*!40000 ALTER TABLE `auth_group` DISABLE KEYS */;
/*!40000 ALTER TABLE `auth_group` ENABLE KEYS */;
UNLOCK TABLES;

--
-- Table structure for table `auth_group_permissions`
--

DROP TABLE IF EXISTS `auth_group_permissions`;
/*!40101 SET @saved_cs_client     = @@character_set_client */;
/*!50503 SET character_set_client = utf8mb4 */;
CREATE TABLE `auth_group_permissions` (
  `id` bigint NOT NULL AUTO_INCREMENT,
  `group_id` int NOT NULL,
  `permission_id` int NOT NULL,
  PRIMARY KEY (`id`),
  UNIQUE KEY `auth_group_permissions_group_id_permission_id_0cd325b0_uniq` (`group_id`,`permission_id`),
  KEY `auth_group_permissio_permission_id_84c5c92e_fk_auth_perm` (`permission_id`),
  CONSTRAINT `auth_group_permissio_permission_id_84c5c92e_fk_auth_perm` FOREIGN KEY (`permission_id`) REFERENCES `auth_permission` (`id`),
  CONSTRAINT `auth_group_permissions_group_id_b120cbf9_fk_auth_group_id` FOREIGN KEY (`group_id`) REFERENCES `auth_group` (`id`)
) ENGINE=InnoDB DEFAULT CHARSET=utf8mb4 COLLATE=utf8mb4_0900_ai_ci;
/*!40101 SET character_set_client = @saved_cs_client */;

--
-- Dumping data for table `auth_group_permissions`
--

LOCK TABLES `auth_group_permissions` WRITE;
/*!40000 ALTER TABLE `auth_group_permissions` DISABLE KEYS */;
/*!40000 ALTER TABLE `auth_group_permissions` ENABLE KEYS */;
UNLOCK TABLES;

--
-- Table structure for table `auth_permission`
--

DROP TABLE IF EXISTS `auth_permission`;
/*!40101 SET @saved_cs_client     = @@character_set_client */;
/*!50503 SET character_set_client = utf8mb4 */;
CREATE TABLE `auth_permission` (
  `id` int NOT NULL AUTO_INCREMENT,
  `name` varchar(255) NOT NULL,
  `content_type_id` int NOT NULL,
  `codename` varchar(100) NOT NULL,
  PRIMARY KEY (`id`),
  UNIQUE KEY `auth_permission_content_type_id_codename_01ab375a_uniq` (`content_type_id`,`codename`),
  CONSTRAINT `auth_permission_content_type_id_2f476e4b_fk_django_co` FOREIGN KEY (`content_type_id`) REFERENCES `django_content_type` (`id`)
) ENGINE=InnoDB AUTO_INCREMENT=105 DEFAULT CHARSET=utf8mb4 COLLATE=utf8mb4_0900_ai_ci;
/*!40101 SET character_set_client = @saved_cs_client */;

--
-- Dumping data for table `auth_permission`
--

LOCK TABLES `auth_permission` WRITE;
/*!40000 ALTER TABLE `auth_permission` DISABLE KEYS */;
INSERT INTO `auth_permission` VALUES (1,'Can add log entry',1,'add_logentry'),(2,'Can change log entry',1,'change_logentry'),(3,'Can delete log entry',1,'delete_logentry'),(4,'Can view log entry',1,'view_logentry'),(5,'Can add permission',2,'add_permission'),(6,'Can change permission',2,'change_permission'),(7,'Can delete permission',2,'delete_permission'),(8,'Can view permission',2,'view_permission'),(9,'Can add group',3,'add_group'),(10,'Can change group',3,'change_group'),(11,'Can delete group',3,'delete_group'),(12,'Can view group',3,'view_group'),(13,'Can add content type',4,'add_contenttype'),(14,'Can change content type',4,'change_contenttype'),(15,'Can delete content type',4,'delete_contenttype'),(16,'Can view content type',4,'view_contenttype'),(17,'Can add session',5,'add_session'),(18,'Can change session',5,'change_session'),(19,'Can delete session',5,'delete_session'),(20,'Can view session',5,'view_session'),(21,'Can add category',6,'add_category'),(22,'Can change category',6,'change_category'),(23,'Can delete category',6,'delete_category'),(24,'Can view category',6,'view_category'),(25,'Can add dxf file',7,'add_dxffile'),(26,'Can change dxf file',7,'change_dxffile'),(27,'Can delete dxf file',7,'delete_dxffile'),(28,'Can view dxf file',7,'view_dxffile'),(29,'Can add dxf order',8,'add_dxforder'),(30,'Can change dxf order',8,'change_dxforder'),(31,'Can delete dxf order',8,'delete_dxforder'),(32,'Can view dxf order',8,'view_dxforder'),(33,'Can add image file',9,'add_imagefile'),(34,'Can change image file',9,'change_imagefile'),(35,'Can delete image file',9,'delete_imagefile'),(36,'Can view image file',9,'view_imagefile'),(37,'Can add item',10,'add_item'),(38,'Can change item',10,'change_item'),(39,'Can delete item',10,'delete_item'),(40,'Can view item',10,'view_item'),(41,'Can add user print',11,'add_userprint'),(42,'Can change user print',11,'change_userprint'),(43,'Can delete user print',11,'delete_userprint'),(44,'Can view user print',11,'view_userprint'),(45,'Can add delivery',12,'add_delivery'),(46,'Can change delivery',12,'change_delivery'),(47,'Can delete delivery',12,'delete_delivery'),(48,'Can view delivery',12,'view_delivery'),(49,'Can add user',13,'add_myuser'),(50,'Can change user',13,'change_myuser'),(51,'Can delete user',13,'delete_myuser'),(52,'Can view user',13,'view_myuser'),(53,'Can add Vendor',14,'add_supplier'),(54,'Can change Vendor',14,'change_supplier'),(55,'Can delete Vendor',14,'delete_supplier'),(56,'Can view Vendor',14,'view_supplier'),(57,'Can add customer',15,'add_customer'),(58,'Can change customer',15,'change_customer'),(59,'Can delete customer',15,'delete_customer'),(60,'Can view customer',15,'view_customer'),(61,'Can add Sale',16,'add_sale'),(62,'Can change Sale',16,'change_sale'),(63,'Can delete Sale',16,'delete_sale'),(64,'Can view Sale',16,'view_sale'),(65,'Can add Sale Detail',17,'add_saledetail'),(66,'Can change Sale Detail',17,'change_saledetail'),(67,'Can delete Sale Detail',17,'delete_saledetail'),(68,'Can view Sale Detail',17,'view_saledetail'),(69,'Can add purchase',18,'add_purchase'),(70,'Can change purchase',18,'change_purchase'),(71,'Can delete purchase',18,'delete_purchase'),(72,'Can view purchase',18,'view_purchase'),(73,'Can add invoice',19,'add_invoice'),(74,'Can change invoice',19,'change_invoice'),(75,'Can delete invoice',19,'delete_invoice'),(76,'Can view invoice',19,'view_invoice'),(77,'Can add bill',20,'add_bill'),(78,'Can change bill',20,'change_bill'),(79,'Can delete bill',20,'delete_bill'),(80,'Can view bill',20,'view_bill'),(81,'Can add inventory material',21,'add_inventorymaterial'),(82,'Can change inventory material',21,'change_inventorymaterial'),(83,'Can delete inventory material',21,'delete_inventorymaterial'),(84,'Can view inventory material',21,'view_inventorymaterial'),(85,'Can add thickness',22,'add_thickness'),(86,'Can change thickness',22,'change_thickness'),(87,'Can delete thickness',22,'delete_thickness'),(88,'Can view thickness',22,'view_thickness'),(89,'Can add single material',23,'add_singlematerial'),(90,'Can change single material',23,'change_singlematerial'),(91,'Can delete single material',23,'delete_singlematerial'),(92,'Can view single material',23,'view_singlematerial'),(93,'Can add inventory payment',24,'add_inventorypayment'),(94,'Can change inventory payment',24,'change_inventorypayment'),(95,'Can delete inventory payment',24,'delete_inventorypayment'),(96,'Can view inventory payment',24,'view_inventorypayment'),(97,'Can add over time',25,'add_overtime'),(98,'Can change over time',25,'change_overtime'),(99,'Can delete over time',25,'delete_overtime'),(100,'Can view over time',25,'view_overtime'),(101,'Can add over time connect',26,'add_overtimeconnect'),(102,'Can change over time connect',26,'change_overtimeconnect'),(103,'Can delete over time connect',26,'delete_overtimeconnect'),(104,'Can view over time connect',26,'view_overtimeconnect');
/*!40000 ALTER TABLE `auth_permission` ENABLE KEYS */;
UNLOCK TABLES;

--
-- Table structure for table `bills_bill`
--

DROP TABLE IF EXISTS `bills_bill`;
/*!40101 SET @saved_cs_client     = @@character_set_client */;
/*!50503 SET character_set_client = utf8mb4 */;
CREATE TABLE `bills_bill` (
  `id` bigint NOT NULL AUTO_INCREMENT,
  `slug` varchar(50) NOT NULL,
  `date` datetime(6) NOT NULL,
  `institution_name` varchar(30) NOT NULL,
  `phone_number` int unsigned DEFAULT NULL,
  `email` varchar(254) DEFAULT NULL,
  `address` varchar(255) DEFAULT NULL,
  `description` varchar(255) DEFAULT NULL,
  `payment_details` varchar(255) NOT NULL,
  `amount` double NOT NULL,
  `status` tinyint(1) NOT NULL,
  PRIMARY KEY (`id`),
  UNIQUE KEY `slug` (`slug`),
  CONSTRAINT `bills_bill_chk_1` CHECK ((`phone_number` >= 0))
) ENGINE=InnoDB DEFAULT CHARSET=utf8mb4 COLLATE=utf8mb4_0900_ai_ci;
/*!40101 SET character_set_client = @saved_cs_client */;

--
-- Dumping data for table `bills_bill`
--

LOCK TABLES `bills_bill` WRITE;
/*!40000 ALTER TABLE `bills_bill` DISABLE KEYS */;
/*!40000 ALTER TABLE `bills_bill` ENABLE KEYS */;
UNLOCK TABLES;

--
-- Table structure for table `bills_inventorymaterial`
--

DROP TABLE IF EXISTS `bills_inventorymaterial`;
/*!40101 SET @saved_cs_client     = @@character_set_client */;
/*!50503 SET character_set_client = utf8mb4 */;
CREATE TABLE `bills_inventorymaterial` (
  `id` varchar(250) NOT NULL,
  `total_cost` int NOT NULL,
  `minsceus_cost` int NOT NULL,
  `payment_method` varchar(256) NOT NULL,
  `advance` int DEFAULT NULL,
  `leftover` int DEFAULT NULL,
  `date` datetime(6) NOT NULL,
  `supplier_id` bigint DEFAULT NULL,
  `user_id` bigint DEFAULT NULL,
  PRIMARY KEY (`id`),
  KEY `bills_inventorymater_supplier_id_79cc16f5_fk_accounts_` (`supplier_id`),
  KEY `bills_inventorymaterial_user_id_1dd2ed43_fk_accounts_myuser_id` (`user_id`),
  CONSTRAINT `bills_inventorymater_supplier_id_79cc16f5_fk_accounts_` FOREIGN KEY (`supplier_id`) REFERENCES `accounts_supplier` (`id`),
  CONSTRAINT `bills_inventorymaterial_user_id_1dd2ed43_fk_accounts_myuser_id` FOREIGN KEY (`user_id`) REFERENCES `accounts_myuser` (`id`)
) ENGINE=InnoDB DEFAULT CHARSET=utf8mb4 COLLATE=utf8mb4_0900_ai_ci;
/*!40101 SET character_set_client = @saved_cs_client */;

--
-- Dumping data for table `bills_inventorymaterial`
--

LOCK TABLES `bills_inventorymaterial` WRITE;
/*!40000 ALTER TABLE `bills_inventorymaterial` DISABLE KEYS */;
INSERT INTO `bills_inventorymaterial` VALUES ('MRMA05TE01',46000,1000,'cash',46000,NULL,'2025-03-05 00:39:48.733079',1,2),('MRMA05TE02',16000,1000,'cash',16000,NULL,'2025-03-05 00:42:50.121471',1,2);
/*!40000 ALTER TABLE `bills_inventorymaterial` ENABLE KEYS */;
UNLOCK TABLES;

--
-- Table structure for table `bills_inventorymaterial_irons`
--

DROP TABLE IF EXISTS `bills_inventorymaterial_irons`;
/*!40101 SET @saved_cs_client     = @@character_set_client */;
/*!50503 SET character_set_client = utf8mb4 */;
CREATE TABLE `bills_inventorymaterial_irons` (
  `id` bigint NOT NULL AUTO_INCREMENT,
  `inventorymaterial_id` varchar(250) NOT NULL,
  `singlematerial_id` bigint NOT NULL,
  PRIMARY KEY (`id`),
  UNIQUE KEY `bills_inventorymaterial__inventorymaterial_id_sin_7282f559_uniq` (`inventorymaterial_id`,`singlematerial_id`),
  KEY `bills_inventorymater_singlematerial_id_d1548b4e_fk_bills_sin` (`singlematerial_id`),
  CONSTRAINT `bills_inventorymater_inventorymaterial_id_2a4dba1d_fk_bills_inv` FOREIGN KEY (`inventorymaterial_id`) REFERENCES `bills_inventorymaterial` (`id`),
  CONSTRAINT `bills_inventorymater_singlematerial_id_d1548b4e_fk_bills_sin` FOREIGN KEY (`singlematerial_id`) REFERENCES `bills_singlematerial` (`id`)
) ENGINE=InnoDB AUTO_INCREMENT=3 DEFAULT CHARSET=utf8mb4 COLLATE=utf8mb4_0900_ai_ci;
/*!40101 SET character_set_client = @saved_cs_client */;

--
-- Dumping data for table `bills_inventorymaterial_irons`
--

LOCK TABLES `bills_inventorymaterial_irons` WRITE;
/*!40000 ALTER TABLE `bills_inventorymaterial_irons` DISABLE KEYS */;
INSERT INTO `bills_inventorymaterial_irons` VALUES (1,'MRMA05TE01',2),(2,'MRMA05TE02',3);
/*!40000 ALTER TABLE `bills_inventorymaterial_irons` ENABLE KEYS */;
UNLOCK TABLES;

--
-- Table structure for table `bills_inventorypayment`
--

DROP TABLE IF EXISTS `bills_inventorypayment`;
/*!40101 SET @saved_cs_client     = @@character_set_client */;
/*!50503 SET character_set_client = utf8mb4 */;
CREATE TABLE `bills_inventorypayment` (
  `id` bigint NOT NULL AUTO_INCREMENT,
  `amount` int NOT NULL,
  `date` date NOT NULL,
  `inventory_id` varchar(250) NOT NULL,
  `user_id` bigint DEFAULT NULL,
  PRIMARY KEY (`id`),
  KEY `bills_inventorypayme_inventory_id_cfe3ec22_fk_bills_inv` (`inventory_id`),
  KEY `bills_inventorypayment_user_id_971a1b98_fk_accounts_myuser_id` (`user_id`),
  CONSTRAINT `bills_inventorypayme_inventory_id_cfe3ec22_fk_bills_inv` FOREIGN KEY (`inventory_id`) REFERENCES `bills_inventorymaterial` (`id`),
  CONSTRAINT `bills_inventorypayment_user_id_971a1b98_fk_accounts_myuser_id` FOREIGN KEY (`user_id`) REFERENCES `accounts_myuser` (`id`)
) ENGINE=InnoDB DEFAULT CHARSET=utf8mb4 COLLATE=utf8mb4_0900_ai_ci;
/*!40101 SET character_set_client = @saved_cs_client */;

--
-- Dumping data for table `bills_inventorypayment`
--

LOCK TABLES `bills_inventorypayment` WRITE;
/*!40000 ALTER TABLE `bills_inventorypayment` DISABLE KEYS */;
/*!40000 ALTER TABLE `bills_inventorypayment` ENABLE KEYS */;
UNLOCK TABLES;

--
-- Table structure for table `bills_singlematerial`
--

DROP TABLE IF EXISTS `bills_singlematerial`;
/*!40101 SET @saved_cs_client     = @@character_set_client */;
/*!50503 SET character_set_client = utf8mb4 */;
CREATE TABLE `bills_singlematerial` (
  `id` bigint NOT NULL AUTO_INCREMENT,
  `price` int NOT NULL,
  `thickness_id` bigint NOT NULL,
  `quantity` int NOT NULL,
  PRIMARY KEY (`id`),
  KEY `bills_singlematerial_thickness_id_97d58843_fk_bills_thickness_id` (`thickness_id`),
  CONSTRAINT `bills_singlematerial_thickness_id_97d58843_fk_bills_thickness_id` FOREIGN KEY (`thickness_id`) REFERENCES `bills_thickness` (`id`)
) ENGINE=InnoDB AUTO_INCREMENT=4 DEFAULT CHARSET=utf8mb4 COLLATE=utf8mb4_0900_ai_ci;
/*!40101 SET character_set_client = @saved_cs_client */;

--
-- Dumping data for table `bills_singlematerial`
--

LOCK TABLES `bills_singlematerial` WRITE;
/*!40000 ALTER TABLE `bills_singlematerial` DISABLE KEYS */;
INSERT INTO `bills_singlematerial` VALUES (1,4500,1,1),(2,4500,1,1),(3,1500,1,10);
/*!40000 ALTER TABLE `bills_singlematerial` ENABLE KEYS */;
UNLOCK TABLES;

--
-- Table structure for table `bills_thickness`
--

DROP TABLE IF EXISTS `bills_thickness`;
/*!40101 SET @saved_cs_client     = @@character_set_client */;
/*!50503 SET character_set_client = utf8mb4 */;
CREATE TABLE `bills_thickness` (
  `id` bigint NOT NULL AUTO_INCREMENT,
  `name` double NOT NULL,
  `added` int NOT NULL,
  `removed` int NOT NULL,
  PRIMARY KEY (`id`),
  UNIQUE KEY `name` (`name`)
) ENGINE=InnoDB AUTO_INCREMENT=12 DEFAULT CHARSET=utf8mb4 COLLATE=utf8mb4_0900_ai_ci;
/*!40101 SET character_set_client = @saved_cs_client */;

--
-- Dumping data for table `bills_thickness`
--

LOCK TABLES `bills_thickness` WRITE;
/*!40000 ALTER TABLE `bills_thickness` DISABLE KEYS */;
INSERT INTO `bills_thickness` VALUES (1,0.5,10,8),(2,0.7,12,10),(3,0.8,1,0),(4,0.9,1,0),(5,1,1,2),(6,1.1,1,0),(7,1.4,1,0),(8,1.8,1,0),(9,2.5,1,0),(10,3,5,2),(11,0.91,0,0);
/*!40000 ALTER TABLE `bills_thickness` ENABLE KEYS */;
UNLOCK TABLES;

--
-- Table structure for table `customers`
--

DROP TABLE IF EXISTS `customers`;
/*!40101 SET @saved_cs_client     = @@character_set_client */;
/*!50503 SET character_set_client = utf8mb4 */;
CREATE TABLE `customers` (
  `id` bigint NOT NULL AUTO_INCREMENT,
  `name` varchar(256) NOT NULL,
  `address` longtext,
  `email` varchar(256) DEFAULT NULL,
  `phone` varchar(30) DEFAULT NULL,
  `loyalty_points` int NOT NULL,
  `user_id` bigint DEFAULT NULL,
  PRIMARY KEY (`id`),
  KEY `Customers_user_id_fae0693f_fk_accounts_myuser_id` (`user_id`),
  CONSTRAINT `Customers_user_id_fae0693f_fk_accounts_myuser_id` FOREIGN KEY (`user_id`) REFERENCES `accounts_myuser` (`id`)
) ENGINE=InnoDB AUTO_INCREMENT=14 DEFAULT CHARSET=utf8mb4 COLLATE=utf8mb4_0900_ai_ci;
/*!40101 SET character_set_client = @saved_cs_client */;

--
-- Dumping data for table `customers`
--

LOCK TABLES `customers` WRITE;
/*!40000 ALTER TABLE `customers` DISABLE KEYS */;
INSERT INTO `customers` VALUES (1,'tensay negash','feyel bet',NULL,'0911432458',0,2),(2,'aberaham','feyel bet',NULL,'0911432458',0,1),(3,'Ashenafi wale','Akaki k/k , Tuludimtu',NULL,'+251913135216',0,NULL),(4,'zola','Addis ketema , Merkato',NULL,'+251920149090',0,NULL),(5,'Shiferaw degu','kolfe keraniyo, betel',NULL,'+251922596977',0,NULL),(6,'Getu chidtera','addis ketema, Merkato',NULL,'+251920641134',0,NULL),(7,'Abdela zola','addis ketema, merkato',NULL,'+251900089995',0,NULL),(8,'Alebe Customer (mehamed)','kolfe keraniyo, Ayer tena Alembank',NULL,'+251911214266',0,NULL),(9,'Tare nega','kolfe keraniyo, betel',NULL,'+251911412897',0,NULL),(10,'kassaye taxi','kolfe keraniyo, Ayer tena, Alembank',NULL,'+251911646472',0,NULL),(11,'yonas sino 2','kirkos kifle ketema, kera',NULL,'+251979063942',0,NULL),(12,'Nahom stock','In house',NULL,'+251911107719',0,NULL),(13,'sebe','kolfe keraniyo, betel',NULL,'+251911207804',0,NULL);
/*!40000 ALTER TABLE `customers` ENABLE KEYS */;
UNLOCK TABLES;

--
-- Table structure for table `django_admin_log`
--

DROP TABLE IF EXISTS `django_admin_log`;
/*!40101 SET @saved_cs_client     = @@character_set_client */;
/*!50503 SET character_set_client = utf8mb4 */;
CREATE TABLE `django_admin_log` (
  `id` int NOT NULL AUTO_INCREMENT,
  `action_time` datetime(6) NOT NULL,
  `object_id` longtext,
  `object_repr` varchar(200) NOT NULL,
  `action_flag` smallint unsigned NOT NULL,
  `change_message` longtext NOT NULL,
  `content_type_id` int DEFAULT NULL,
  `user_id` bigint NOT NULL,
  PRIMARY KEY (`id`),
  KEY `django_admin_log_content_type_id_c4bce8eb_fk_django_co` (`content_type_id`),
  KEY `django_admin_log_user_id_c564eba6_fk_accounts_myuser_id` (`user_id`),
  CONSTRAINT `django_admin_log_content_type_id_c4bce8eb_fk_django_co` FOREIGN KEY (`content_type_id`) REFERENCES `django_content_type` (`id`),
  CONSTRAINT `django_admin_log_user_id_c564eba6_fk_accounts_myuser_id` FOREIGN KEY (`user_id`) REFERENCES `accounts_myuser` (`id`),
  CONSTRAINT `django_admin_log_chk_1` CHECK ((`action_flag` >= 0))
) ENGINE=InnoDB AUTO_INCREMENT=134 DEFAULT CHARSET=utf8mb4 COLLATE=utf8mb4_0900_ai_ci;
/*!40101 SET character_set_client = @saved_cs_client */;

--
-- Dumping data for table `django_admin_log`
--

LOCK TABLES `django_admin_log` WRITE;
/*!40000 ALTER TABLE `django_admin_log` DISABLE KEYS */;
INSERT INTO `django_admin_log` VALUES (1,'2025-03-04 23:08:37.844735','1','0.5 1',1,'[{\"added\": {}}]',22,1),(2,'2025-03-04 23:08:46.952879','2','0.7 1',1,'[{\"added\": {}}]',22,1),(3,'2025-03-04 23:08:55.767815','3','0.8 1',1,'[{\"added\": {}}]',22,1),(4,'2025-03-04 23:09:53.158312','4','0.9 1',1,'[{\"added\": {}}]',22,1),(5,'2025-03-04 23:10:01.480193','5','1.0 1',1,'[{\"added\": {}}]',22,1),(6,'2025-03-04 23:10:10.099006','6','1.1 -1',1,'[{\"added\": {}}]',22,1),(7,'2025-03-04 23:10:18.462410','6','1.1 1',2,'[{\"changed\": {\"fields\": [\"Added\", \"Removed\"]}}]',22,1),(8,'2025-03-04 23:10:26.285486','7','1.4 1',1,'[{\"added\": {}}]',22,1),(9,'2025-03-04 23:10:35.752986','8','1.8 1',1,'[{\"added\": {}}]',22,1),(10,'2025-03-04 23:10:44.329626','9','2.5 1',1,'[{\"added\": {}}]',22,1),(11,'2025-03-04 23:10:51.477986','10','3.0 1',1,'[{\"added\": {}}]',22,1),(12,'2025-03-04 23:10:54.818058','9','2.5 1',2,'[]',22,1),(13,'2025-03-04 23:13:08.876278','2','nahom',1,'[{\"added\": {}}]',13,1),(14,'2025-03-04 23:13:15.143013','2','nahom',2,'[{\"changed\": {\"fields\": [\"Role\"]}}]',13,1),(15,'2025-03-05 09:15:04.259459','1','tensay negash',1,'[{\"added\": {}}]',15,1),(16,'2025-03-05 18:26:44.514020','3','hawaz',1,'[{\"added\": {}}]',13,1),(17,'2025-03-05 18:26:47.535766','3','hawaz',2,'[{\"changed\": {\"fields\": [\"Role\"]}}]',13,1),(18,'2025-03-06 13:51:22.020353','4','',3,'',13,1),(19,'2025-03-06 17:00:10.229321','2','nahom',2,'[{\"changed\": {\"fields\": [\"Role\"]}}]',13,1),(20,'2025-03-07 14:26:55.010542','aa','tensay negash  aa',1,'[{\"added\": {}}]',10,1),(21,'2025-03-07 14:27:54.733310','aa','tensay negash  aa',3,'',10,1),(22,'2025-03-07 15:35:34.102351','MA07TE002','tensay negash  MA07TE002',3,'',10,1),(23,'2025-03-07 15:35:34.108820','MA07TE003','tensay negash  MA07TE003',3,'',10,1),(24,'2025-03-07 15:35:34.111698','MA07TE004','tensay negash  MA07TE004',3,'',10,1),(25,'2025-03-07 15:35:34.115713','MA07TE005','tensay negash  MA07TE005',3,'',10,1),(26,'2025-03-07 15:35:34.119752','MA07TE006','tensay negash  MA07TE006',3,'',10,1),(27,'2025-03-07 15:35:34.122844','MA07TE008','tensay negash  MA07TE008',3,'',10,1),(28,'2025-03-07 15:35:34.126435','MA07TE009','tensay negash  MA07TE009',3,'',10,1),(29,'2025-03-07 15:35:34.129517','MA07TE011','tensay negash  MA07TE011',3,'',10,1),(30,'2025-03-07 15:35:34.132706','MA07TE013','tensay negash  MA07TE013',3,'',10,1),(31,'2025-03-07 15:35:34.135534','MA05TE001','tensay negash  MA05TE001',3,'',10,1),(32,'2025-03-07 15:35:34.141365','MA07TE007','tensay negash  MA07TE007',3,'',10,1),(33,'2025-03-07 15:35:34.144447','MA07TE010','tensay negash  MA07TE010',3,'',10,1),(34,'2025-03-07 15:35:34.148908','MA07TE012','tensay negash  MA07TE012',3,'',10,1),(35,'2025-03-07 15:35:34.151944','MA07TE001A','tensay negash  MA07TE001A',3,'',10,1),(36,'2025-03-07 15:35:34.155900','MA07TE001','tensay negash  MA07TE001',3,'',10,1),(37,'2025-03-07 16:08:28.853886','MA07TE001','tensay negash  MA07TE001',3,'',10,1),(38,'2025-03-07 17:21:08.183442','12','test',2,'[]',13,1),(39,'2025-03-07 17:22:49.298659','15','test1',1,'[{\"added\": {}}]',13,1),(40,'2025-03-07 21:30:22.532989','15','test1',2,'[]',13,1),(41,'2025-03-07 21:31:16.370308','16','test2',1,'[{\"added\": {}}]',13,1),(42,'2025-03-07 21:37:25.727212','MA07TE005','tensay negash  MA07TE005',3,'',10,1),(43,'2025-03-07 21:40:23.276709','MA07TE005','tensay negash  MA07TE005',3,'',10,1),(44,'2025-03-07 21:40:23.281708','MA07TE006','tensay negash  MA07TE006',3,'',10,1),(45,'2025-03-07 21:46:54.539501','MA07TE004','tensay negash  MA07TE004',2,'[{\"changed\": {\"fields\": [\"Dimensions type\"]}}]',10,1),(46,'2025-03-07 21:50:00.118784','MA07TE004','tensay negash  MA07TE004',3,'',10,1),(47,'2025-03-07 21:50:10.721141','MA07TE005','tensay negash  MA07TE005',3,'',10,1),(48,'2025-03-08 07:58:44.420591','MA07TE001','tensay negash  MA07TE001',2,'[{\"changed\": {\"fields\": [\"Image 1\", \"Dimensions type\"]}}]',10,1),(49,'2025-03-08 08:00:15.337038','MA07TE002','tensay negash  MA07TE002',3,'',10,1),(50,'2025-03-08 08:00:15.342092','MA07TE003','tensay negash  MA07TE003',3,'',10,1),(51,'2025-03-08 08:00:15.345043','MA07TE006','tensay negash  MA07TE006',3,'',10,1),(52,'2025-03-08 08:00:15.348598','MA07TE007','tensay negash  MA07TE007',3,'',10,1),(53,'2025-03-08 08:00:15.352113','MA07TE008','tensay negash  MA07TE008',3,'',10,1),(54,'2025-03-08 08:00:15.354846','MA07TE001','tensay negash  MA07TE001',3,'',10,1),(55,'2025-03-08 08:55:16.061637','MA08TE001','tensay negash  MA08TE001',3,'',10,1),(56,'2025-03-08 08:58:20.538795','MA08TE001','tensay negash  MA08TE001',3,'',10,1),(57,'2025-03-08 08:59:20.928334','12','test',3,'',13,1),(58,'2025-03-08 08:59:20.931546','15','test1',3,'',13,1),(59,'2025-03-08 08:59:20.933721','16','test2',3,'',13,1),(60,'2025-03-08 08:59:30.443165','17','test1',1,'[{\"added\": {}}]',13,1),(61,'2025-03-08 09:01:33.702671','17','test1',2,'[{\"changed\": {\"fields\": [\"Role\"]}}]',13,1),(62,'2025-03-08 09:42:43.160827','MA08TE002','tensay negash  MA08TE002',2,'[]',10,1),(63,'2025-03-08 09:43:24.441865','MA08TE002','tensay negash  MA08TE002',2,'[{\"changed\": {\"fields\": [\"Remark\"]}}]',10,1),(64,'2025-03-08 09:45:58.402717','MA08TE002','tensay negash  MA08TE002',2,'[{\"changed\": {\"fields\": [\"Remark\"]}}]',10,1),(65,'2025-03-08 10:45:32.116377','MA08TE002','tensay negash  MA08TE002',2,'[{\"changed\": {\"fields\": [\"Verif design\", \"Dxf\"]}}]',10,1),(66,'2025-03-08 10:47:25.153427','MA08TE002','tensay negash  MA08TE002',2,'[{\"changed\": {\"fields\": [\"Verif design\", \"Price\", \"Dxf\"]}}]',10,1),(67,'2025-03-08 10:58:41.276600','MA08TE002','tensay negash  MA08TE002',2,'[{\"changed\": {\"fields\": [\"Verif design\", \"Dxf\"]}}]',10,1),(68,'2025-03-08 10:59:52.027302','MA08TE002','tensay negash  MA08TE002',2,'[{\"changed\": {\"fields\": [\"Verif design\", \"Dxf\"]}}]',10,1),(69,'2025-03-08 11:02:52.430484','MA08TE002','tensay negash  MA08TE002',2,'[{\"changed\": {\"fields\": [\"Verif design\", \"Dxf\"]}}]',10,1),(70,'2025-03-08 11:08:19.566972','MA08TE002','tensay negash  MA08TE002',2,'[{\"changed\": {\"fields\": [\"Verif design\", \"Dxf\"]}}]',10,1),(71,'2025-03-08 11:08:40.213102','MA08TE002','tensay negash  MA08TE002',2,'[{\"changed\": {\"fields\": [\"Verif design\", \"Dxf\"]}}]',10,1),(72,'2025-03-08 12:04:23.756607','2','aberaham',1,'[{\"added\": {}}]',15,1),(73,'2025-03-08 12:05:03.349215','AA0101010101','aberaham  AA0101010101',1,'[{\"added\": {}}]',10,1),(74,'2025-03-08 14:44:12.542124','MA08TE002','tensay negash  MA08TE002',2,'[{\"changed\": {\"fields\": [\"Verif design\", \"Dxf\"]}}]',10,1),(75,'2025-03-08 14:44:19.825380','MA08TE002A','tensay negash  MA08TE002A',3,'',10,1),(76,'2025-03-08 14:56:09.974519','AA0101010101','aberaham  AA0101010101',3,'',10,1),(77,'2025-03-08 14:58:23.102987','MA08TE002A','tensay negash  MA08TE002A',3,'',10,1),(78,'2025-03-08 14:58:34.108981','MA08TE002','tensay negash  MA08TE002',2,'[{\"changed\": {\"fields\": [\"Verif design\", \"Dxf\"]}}]',10,1),(79,'2025-03-08 15:27:41.271746','MA08TE002A','tensay negash  MA08TE002A',3,'',10,1),(80,'2025-03-08 15:49:28.792493','MA08TE002A','tensay negash  MA08TE002A',3,'',10,1),(81,'2025-03-08 15:49:37.435099','MA08TE002','tensay negash  MA08TE002',2,'[{\"changed\": {\"fields\": [\"Verif design\", \"Dxf\"]}}]',10,1),(82,'2025-03-08 15:51:13.532585','MA08TE002','tensay negash  MA08TE002',2,'[]',10,1),(83,'2025-03-08 16:09:05.999784','MA08TE002A','tensay negash  MA08TE002A',2,'[{\"changed\": {\"fields\": [\"Dimensions info\"]}}]',10,1),(84,'2025-03-08 16:09:13.187901','MA08TE002','tensay negash  MA08TE002',2,'[{\"changed\": {\"fields\": [\"Dimensions info\"]}}]',10,1),(85,'2025-03-08 20:22:57.826904','18','test2',1,'[{\"added\": {}}]',13,1),(86,'2025-03-08 20:23:00.652207','18','test2',2,'[{\"changed\": {\"fields\": [\"Role\"]}}]',13,1),(87,'2025-03-08 20:26:48.823662','MA08TE002A','tensay negash  MA08TE002A',2,'[{\"changed\": {\"fields\": [\"Completed\", \"Start\", \"Finish\"]}}]',10,1),(88,'2025-03-08 20:27:35.919674','MA08TE002A','tensay negash  MA08TE002A',2,'[{\"changed\": {\"fields\": [\"Start\"]}}]',10,1),(89,'2025-03-08 20:28:13.615481','MA08TE002A','tensay negash  MA08TE002A',2,'[{\"changed\": {\"fields\": [\"Start\"]}}]',10,1),(90,'2025-03-08 20:28:45.006900','MA08TE002A','tensay negash  MA08TE002A',2,'[{\"changed\": {\"fields\": [\"Start\"]}}]',10,1),(91,'2025-03-16 18:18:21.580878','11','0.9(oversize)',1,'[{\"added\": {}}]',22,1),(92,'2025-03-16 21:16:03.079202','MA08AB001','aberaham  MA08AB001',2,'[{\"changed\": {\"fields\": [\"Dimensions type\", \"Dimensions info\"]}}]',10,1),(93,'2025-03-16 21:22:14.966191','MA08AB001','aberaham  MA08AB001',2,'[{\"changed\": {\"fields\": [\"Dimensions type\"]}}]',10,1),(94,'2025-03-16 21:22:32.199210','MA08AB001','aberaham  MA08AB001',2,'[{\"changed\": {\"fields\": [\"Dimensions type\"]}}]',10,1),(95,'2025-03-16 21:36:21.270795','10','3.0mm',2,'[{\"changed\": {\"fields\": [\"Added\"]}}]',22,1),(96,'2025-03-16 21:40:57.009701','MA08AB001','aberaham  MA08AB001',2,'[{\"changed\": {\"fields\": [\"Verif design\", \"Dxf\"]}}]',10,1),(97,'2025-03-16 21:41:01.630375','MA08AB001','aberaham  MA08AB001',2,'[{\"changed\": {\"fields\": [\"Subclassed\"]}}]',10,1),(98,'2025-03-16 22:03:55.007342','MA08AB001','aberaham  MA08AB001',2,'[{\"changed\": {\"fields\": [\"Verif design\", \"Dxf\", \"Subclassed\"]}}]',10,1),(99,'2025-03-16 22:05:21.811246','MA08AB001A','aberaham  MA08AB001A',3,'',10,1),(100,'2025-03-16 22:05:30.431521','MA08AB001','aberaham  MA08AB001',2,'[{\"changed\": {\"fields\": [\"Verif design\", \"Dxf\", \"Subclassed\"]}}]',10,1),(101,'2025-03-17 21:38:33.541637','MA08TE002A','tensay negash  MA08TE002A',3,'',10,1),(102,'2025-03-17 21:38:56.309662','MA08AB001','aberaham  MA08AB001',2,'[{\"changed\": {\"fields\": [\"Verif design\", \"Dxf\", \"Subclassed\"]}}]',10,1),(103,'2025-03-17 21:39:04.339606','MA08AB001A','aberaham  MA08AB001A',3,'',10,1),(104,'2025-03-17 21:46:25.522027','MA08AB001','aberaham  MA08AB001',2,'[{\"changed\": {\"fields\": [\"Verif design\", \"Subclassed\"]}}]',10,1),(105,'2025-03-17 21:46:38.729079','MA08AB001','aberaham  MA08AB001',2,'[{\"changed\": {\"fields\": [\"Dxf\"]}}]',10,1),(106,'2025-03-17 21:46:45.922850','MA08AB001','aberaham  MA08AB001',2,'[]',10,1),(107,'2025-03-17 21:46:54.284014','MA08AB001A','aberaham  MA08AB001A',3,'',10,1),(108,'2025-03-17 21:46:54.290191','MA08AB001B','aberaham  MA08AB001B',3,'',10,1),(109,'2025-03-17 21:46:54.292964','MA08AB001C','aberaham  MA08AB001C',3,'',10,1),(110,'2025-03-17 21:46:54.297957','MA08AB001D','aberaham  MA08AB001D',3,'',10,1),(111,'2025-03-17 22:27:38.139482','MA08AB001A','aberaham  MA08AB001A',3,'',10,1),(112,'2025-03-17 22:27:47.159306','MA08AB001','aberaham  MA08AB001',2,'[{\"changed\": {\"fields\": [\"Verif design\", \"Dxf\", \"Subclassed\"]}}]',10,1),(113,'2025-03-17 22:29:25.769678','MA08AB001','aberaham  MA08AB001',2,'[{\"changed\": {\"fields\": [\"Verif design\", \"Dxf\", \"Subclassed\"]}}]',10,1),(114,'2025-03-17 22:29:34.476886','MA08AB001A','aberaham  MA08AB001A',3,'',10,1),(115,'2025-03-17 22:29:34.481888','MA08AB001B','aberaham  MA08AB001B',3,'',10,1),(116,'2025-03-17 22:29:34.485799','MA08AB001C','aberaham  MA08AB001C',3,'',10,1),(117,'2025-03-17 22:29:34.490116','MA08AB001D','aberaham  MA08AB001D',3,'',10,1),(118,'2025-03-18 15:12:25.156307','MA08AB007','aberaham  MA08AB007',2,'[{\"changed\": {\"fields\": [\"Dimensions type\", \"Diminsions\", \"Verif design\", \"Dxf\"]}}]',10,1),(119,'2025-03-20 10:33:58.227990','MA08AB001A','aberaham  MA08AB001A',2,'[{\"changed\": {\"fields\": [\"Verif price\", \"Price\"]}}]',10,1),(120,'2025-03-20 11:51:00.473699','MA08AB001','aberaham  MA08AB001',2,'[{\"changed\": {\"fields\": [\"Verif price\", \"Price\"]}}]',10,1),(121,'2025-03-20 13:20:45.140269','2','OverTime object (2)',3,'',25,1),(122,'2025-03-20 13:31:06.547324','2','OverTime object (2)',3,'',25,1),(123,'2025-03-20 14:01:10.332165','MA08AB001A','aberaham  MA08AB001A',2,'[{\"changed\": {\"fields\": [\"Completed\", \"Start\", \"Finish\"]}}]',10,1),(124,'2025-03-20 14:01:20.272414','MA08AB001','aberaham  MA08AB001',2,'[{\"changed\": {\"fields\": [\"Completed\", \"Start\", \"Finish\"]}}]',10,1),(125,'2025-03-20 17:41:38.169164','MA08AB001B','aberaham  MA08AB001B',2,'[{\"changed\": {\"fields\": [\"Verif price\", \"Verif design\", \"Price\"]}}]',10,1),(126,'2025-03-20 18:20:41.717220','1','2025-03-20',2,'[{\"changed\": {\"fields\": [\"Paid\"]}}]',25,1),(127,'2025-03-20 18:46:26.147722','1','2025-03-20',3,'',25,1),(128,'2025-03-20 18:46:55.513074','MA08AB001A','aberaham  MA08AB001A',2,'[{\"changed\": {\"fields\": [\"Completed\", \"Start\", \"Finish\"]}}]',10,1),(129,'2025-03-20 18:47:06.718982','MA08AB001B','aberaham  MA08AB001B',2,'[{\"changed\": {\"fields\": [\"Completed\", \"Start\", \"Finish\"]}}]',10,1),(130,'2025-03-20 18:47:12.027263','MA08AB001B','aberaham  MA08AB001B',2,'[]',10,1),(131,'2025-03-20 18:47:20.067286','MA08AB001','aberaham  MA08AB001',2,'[{\"changed\": {\"fields\": [\"Completed\", \"Start\", \"Finish\"]}}]',10,1),(132,'2025-03-20 18:47:27.848733','MA08AB001A','aberaham  MA08AB001A',2,'[]',10,1),(133,'2025-03-21 14:21:58.981480','MA08TE002','tensay negash  MA08TE002',2,'[{\"changed\": {\"fields\": [\"Verif price\", \"Price\"]}}]',10,1);
/*!40000 ALTER TABLE `django_admin_log` ENABLE KEYS */;
UNLOCK TABLES;

--
-- Table structure for table `django_content_type`
--

DROP TABLE IF EXISTS `django_content_type`;
/*!40101 SET @saved_cs_client     = @@character_set_client */;
/*!50503 SET character_set_client = utf8mb4 */;
CREATE TABLE `django_content_type` (
  `id` int NOT NULL AUTO_INCREMENT,
  `app_label` varchar(100) NOT NULL,
  `model` varchar(100) NOT NULL,
  PRIMARY KEY (`id`),
  UNIQUE KEY `django_content_type_app_label_model_76bd3d3b_uniq` (`app_label`,`model`)
) ENGINE=InnoDB AUTO_INCREMENT=27 DEFAULT CHARSET=utf8mb4 COLLATE=utf8mb4_0900_ai_ci;
/*!40101 SET character_set_client = @saved_cs_client */;

--
-- Dumping data for table `django_content_type`
--

LOCK TABLES `django_content_type` WRITE;
/*!40000 ALTER TABLE `django_content_type` DISABLE KEYS */;
INSERT INTO `django_content_type` VALUES (15,'accounts','customer'),(13,'accounts','myuser'),(25,'accounts','overtime'),(26,'accounts','overtimeconnect'),(14,'accounts','supplier'),(1,'admin','logentry'),(3,'auth','group'),(2,'auth','permission'),(20,'bills','bill'),(21,'bills','inventorymaterial'),(24,'bills','inventorypayment'),(23,'bills','singlematerial'),(22,'bills','thickness'),(4,'contenttypes','contenttype'),(19,'invoice','invoice'),(5,'sessions','session'),(6,'store','category'),(12,'store','delivery'),(7,'store','dxffile'),(8,'store','dxforder'),(9,'store','imagefile'),(10,'store','item'),(11,'store','userprint'),(18,'transactions','purchase'),(16,'transactions','sale'),(17,'transactions','saledetail');
/*!40000 ALTER TABLE `django_content_type` ENABLE KEYS */;
UNLOCK TABLES;

--
-- Table structure for table `django_migrations`
--

DROP TABLE IF EXISTS `django_migrations`;
/*!40101 SET @saved_cs_client     = @@character_set_client */;
/*!50503 SET character_set_client = utf8mb4 */;
CREATE TABLE `django_migrations` (
  `id` bigint NOT NULL AUTO_INCREMENT,
  `app` varchar(255) NOT NULL,
  `name` varchar(255) NOT NULL,
  `applied` datetime(6) NOT NULL,
  PRIMARY KEY (`id`)
) ENGINE=InnoDB AUTO_INCREMENT=38 DEFAULT CHARSET=utf8mb4 COLLATE=utf8mb4_0900_ai_ci;
/*!40101 SET character_set_client = @saved_cs_client */;

--
-- Dumping data for table `django_migrations`
--

LOCK TABLES `django_migrations` WRITE;
/*!40000 ALTER TABLE `django_migrations` DISABLE KEYS */;
INSERT INTO `django_migrations` VALUES (1,'contenttypes','0001_initial','2025-03-04 23:05:41.780476'),(2,'contenttypes','0002_remove_content_type_name','2025-03-04 23:05:41.896175'),(3,'auth','0001_initial','2025-03-04 23:05:42.410894'),(4,'auth','0002_alter_permission_name_max_length','2025-03-04 23:05:42.481319'),(5,'auth','0003_alter_user_email_max_length','2025-03-04 23:05:42.496675'),(6,'auth','0004_alter_user_username_opts','2025-03-04 23:05:42.503166'),(7,'auth','0005_alter_user_last_login_null','2025-03-04 23:05:42.514829'),(8,'auth','0006_require_contenttypes_0002','2025-03-04 23:05:42.514829'),(9,'auth','0007_alter_validators_add_error_messages','2025-03-04 23:05:42.529145'),(10,'auth','0008_alter_user_username_max_length','2025-03-04 23:05:42.536977'),(11,'auth','0009_alter_user_last_name_max_length','2025-03-04 23:05:42.553117'),(12,'auth','0010_alter_group_name_max_length','2025-03-04 23:05:42.579012'),(13,'auth','0011_update_proxy_permissions','2025-03-04 23:05:42.595794'),(14,'auth','0012_alter_user_first_name_max_length','2025-03-04 23:05:42.612435'),(15,'accounts','0001_initial','2025-03-04 23:05:43.287314'),(16,'admin','0001_initial','2025-03-04 23:05:43.447147'),(17,'admin','0002_logentry_remove_auto_add','2025-03-04 23:05:43.462895'),(18,'admin','0003_logentry_add_action_flag_choices','2025-03-04 23:05:43.469389'),(19,'bills','0001_initial','2025-03-04 23:05:44.097906'),(20,'store','0001_initial','2025-03-04 23:05:44.995347'),(21,'invoice','0001_initial','2025-03-04 23:05:45.140321'),(22,'sessions','0001_initial','2025-03-04 23:05:45.173791'),(23,'transactions','0001_initial','2025-03-04 23:05:45.738219'),(24,'bills','0002_alter_thickness_name','2025-03-04 23:08:27.110395'),(25,'bills','0003_singlematerial_quantity_alter_thickness_name','2025-03-05 00:41:09.030210'),(26,'store','0002_alter_item_quantity','2025-03-07 14:49:15.223806'),(27,'store','0003_alter_item_quantity_alter_item_thickness','2025-03-07 17:02:22.682465'),(28,'store','0004_alter_item_quantity','2025-03-07 21:34:00.946601'),(29,'store','0005_alter_item_quantity','2025-03-07 21:39:29.306266'),(30,'bills','0004_alter_thickness_options_alter_inventorymaterial_date_and_more','2025-03-16 18:21:37.505758'),(31,'accounts','0002_overtime_myuser_overtime','2025-03-20 08:40:03.540399'),(32,'bills','0005_alter_thickness_name','2025-03-20 08:40:03.556376'),(33,'accounts','0003_overtime_paid_remove_overtime_ammount_and_more','2025-03-20 09:46:30.612834'),(34,'store','0006_alter_item_date','2025-03-20 10:37:48.193619'),(35,'store','0007_alter_item_date','2025-03-20 10:37:58.370036'),(36,'accounts','0002_overtime_overtimeconnect_myuser_overtime','2025-03-20 13:54:44.078091'),(37,'accounts','0003_overtimeconnect_date','2025-03-20 13:56:45.051549');
/*!40000 ALTER TABLE `django_migrations` ENABLE KEYS */;
UNLOCK TABLES;

--
-- Table structure for table `django_session`
--

DROP TABLE IF EXISTS `django_session`;
/*!40101 SET @saved_cs_client     = @@character_set_client */;
/*!50503 SET character_set_client = utf8mb4 */;
CREATE TABLE `django_session` (
  `session_key` varchar(40) NOT NULL,
  `session_data` longtext NOT NULL,
  `expire_date` datetime(6) NOT NULL,
  PRIMARY KEY (`session_key`),
  KEY `django_session_expire_date_a5c62663` (`expire_date`)
) ENGINE=InnoDB DEFAULT CHARSET=utf8mb4 COLLATE=utf8mb4_0900_ai_ci;
/*!40101 SET character_set_client = @saved_cs_client */;

--
-- Dumping data for table `django_session`
--

LOCK TABLES `django_session` WRITE;
/*!40000 ALTER TABLE `django_session` DISABLE KEYS */;
INSERT INTO `django_session` VALUES ('hhpr1bf8h05j1bjlpzvhxs6ovucypy7l','.eJxVjEEOwiAQRe_C2pChQKEu3XsGMsOAVA0kpV0Z765NutDtf-_9lwi4rSVsPS1hZnEWSpx-N8L4SHUHfMd6azK2ui4zyV2RB-3y2jg9L4f7d1Cwl2-dB_Cs0ClntSbN2Q6jj1mz8ym6yAamTBosWTLRZETM00jaA4GxFkC8P-fpN_I:1tq8UM:st5QHkW04gdJ9y7BEvegVEZbZGgCnTVjGra4qdAqVyI','2025-03-20 13:30:02.784369'),('jre94zdmeh0ixfql65pfooacmzhmhucf','.eJxVjDsOwjAQRO_iGln2-idT0nMGy-vd4ABypDipIu5OIqWAZop5b2YTKa9LTWvnOY0krkKLy2-Huby4HYCeuT0mWaa2zCPKQ5En7fI-Eb9vp_t3UHOv-xodhkFZPbiINkB0BkCDJdaerAtKxYAxWHBgSNOexUPJDN6gYdBRfL6w3DZ1:1ttsWP:5c7tnfV8Q4NKFF1J_LiuXqhU0KDuvQqTcKO6q9GIfhc','2025-03-30 21:15:37.070094'),('jwn2yujklv2k172eezm9foup214vkmix','.eJxVjDsOwjAQRO_iGln2-idT0nMGy-vd4ABypDipIu5OIqWAZop5b2YTKa9LTWvnOY0krkKLy2-Huby4HYCeuT0mWaa2zCPKQ5En7fI-Eb9vp_t3UHOv-xodhkFZPbiINkB0BkCDJdaerAtKxYAxWHBgSNOexUPJDN6gYdBRfL6w3DZ1:1u23T6:ASqCFYp4GUZgTr-sTzEzd9Ff9_KOlUZDRJHcbqD4BM0','2025-04-22 10:34:00.676930'),('k2t8e20qxhckicl5k4kd4ti2zra3um4w','.eJxVjEEOwiAQRe_C2hAYbAGX7nsGMjCDVA0kpV0Z765NutDtf-_9lwi4rSVsnZcwk7gIrcTpd4yYHlx3QnestyZTq-syR7kr8qBdTo34eT3cv4OCvXxrzEBkFRifGdAngDTycGZn0aCjrA0plTlnDcmrwTo1WoveekwDRIfi_QEdZjhp:1u2l33:1Tq34NCU2IyPqJ-3lUnW-ck-V0fNxzahw75SFBrkAqA','2025-04-24 09:06:01.203692'),('k6lt8ewwqnacrkj39ntyd3ii7hhzoour','.eJxVjDsOwjAQBe_iGllZfzYsJT1nsNY_HEC2FCcV4u7IUgpo38y8t3C8b8XtPa1uieIilDj9bp7DM9UB4oPrvcnQ6rYuXg5FHrTLW4vpdT3cv4PCvYzamIjoNQQkhZStyikggA6ZrYIzEXngaSKvedYQjWa2hKCtJZqTF58vzyU3Gw:1tq8qt:cl1j0zlHsFj0ft5X83bceZ65LgKSQj2uf9ZOAiIK2WE','2025-03-20 13:53:19.139892'),('owf4mzlni2t7863so22uzd5aq56s1ezg','.eJxVjEEOwiAQRe_C2hAYbAGX7nsGMjCDVA0kpV0Z765NutDtf-_9lwi4rSVsnZcwk7gIrcTpd4yYHlx3QnestyZTq-syR7kr8qBdTo34eT3cv4OCvXxrzEBkFRifGdAngDTycGZn0aCjrA0plTlnDcmrwTo1WoveekwDRIfi_QEdZjhp:1tvAIr:NcKqiHY-t32qdj_8i4ybHqulxyloGGHvAIdiMw7Ee8Q','2025-04-03 10:26:57.313325'),('q0w2eiov83bs6cfo6x8bw1r9nnvg29qn','.eJxVjMsOwiAQRf-FtSGhvAaX7v0GMjCMVA0kpV0Z_12bdKHbe865LxFxW2vcRlniTOIslBen3zFhfpS2E7pju3WZe1uXOcldkQcd8tqpPC-H-3dQcdRvrcmAs46yY0SeyKIqNnijNDuEgjoxWh8AMnO2uXgH1igIwWgmmLR4fwAhnjhk:1tvGl8:i0I5e4NlTFCv_SAL0JJJ8NtZu0WSmXTqQ0hr3qrBsg0','2025-04-03 17:20:34.341470'),('q95e6tx95wlbtwd3jhcsgemqgwb4nkc5','.eJxVjDsOwjAQRO_iGln2-idT0nMGy-vd4ABypDipIu5OIqWAZop5b2YTKa9LTWvnOY0krkKLy2-Huby4HYCeuT0mWaa2zCPKQ5En7fI-Eb9vp_t3UHOv-xodhkFZPbiINkB0BkCDJdaerAtKxYAxWHBgSNOexUPJDN6gYdBRfL6w3DZ1:1tvaR8:IIWO72DMQT7vzdHwU_j4SXjidf3kD81cRsRzmvwk8a8','2025-04-04 14:21:14.118405'),('qtf8ptnd3j7xe3clci1jlp4p6kwrmycw','.eJxVjDsOwjAQRO_iGln2-idT0nMGy-vd4ABypDipIu5OIqWAZop5b2YTKa9LTWvnOY0krkKLy2-Huby4HYCeuT0mWaa2zCPKQ5En7fI-Eb9vp_t3UHOv-xodhkFZPbiINkB0BkCDJdaerAtKxYAxWHBgSNOexUPJDN6gYdBRfL6w3DZ1:1tvaQg:QLCZZ1c-29xMb2MrVKN2gr8MNZF_GQe2SH_NAQ4FfpQ','2025-04-04 14:20:46.105941'),('sg6i3tcpkyteehk03hm9v0jx6u7vz4ko','.eJxVjMsOgjAQRf-la9NQwOng0j3fQOaFRQ1NKKyM_64kLHR7zzn35Qba1jRsxZZhUndxIbrT78gkD5t3oneab9lLntdlYr8r_qDF91nteT3cv4NEJX1rZAumHSDHBlomgtGU6g4YG-VIIipnrIIxjDFgRGwFsCYEC41Y5d4fNN043A:1tqnc1:YaId-rZ-UCnTYEh1eaSPBkEd06v0dvvUz17uz545iVc','2025-03-22 09:24:41.995911');
/*!40000 ALTER TABLE `django_session` ENABLE KEYS */;
UNLOCK TABLES;

--
-- Table structure for table `invoice_invoice`
--

DROP TABLE IF EXISTS `invoice_invoice`;
/*!40101 SET @saved_cs_client     = @@character_set_client */;
/*!50503 SET character_set_client = utf8mb4 */;
CREATE TABLE `invoice_invoice` (
  `id` bigint NOT NULL AUTO_INCREMENT,
  `slug` varchar(50) NOT NULL,
  `date` datetime(6) NOT NULL,
  `customer_name` varchar(30) NOT NULL,
  `contact_number` varchar(13) NOT NULL,
  `price_per_item` double NOT NULL,
  `quantity` double NOT NULL,
  `shipping` double NOT NULL,
  `total` double NOT NULL,
  `grand_total` double NOT NULL,
  `item_id` varchar(250) NOT NULL,
  PRIMARY KEY (`id`),
  UNIQUE KEY `slug` (`slug`),
  KEY `invoice_invoice_item_id_1ccfada4_fk_store_item_id` (`item_id`),
  CONSTRAINT `invoice_invoice_item_id_1ccfada4_fk_store_item_id` FOREIGN KEY (`item_id`) REFERENCES `store_item` (`id`)
) ENGINE=InnoDB DEFAULT CHARSET=utf8mb4 COLLATE=utf8mb4_0900_ai_ci;
/*!40101 SET character_set_client = @saved_cs_client */;

--
-- Dumping data for table `invoice_invoice`
--

LOCK TABLES `invoice_invoice` WRITE;
/*!40000 ALTER TABLE `invoice_invoice` DISABLE KEYS */;
/*!40000 ALTER TABLE `invoice_invoice` ENABLE KEYS */;
UNLOCK TABLES;

--
-- Table structure for table `sale_details`
--

DROP TABLE IF EXISTS `sale_details`;
/*!40101 SET @saved_cs_client     = @@character_set_client */;
/*!50503 SET character_set_client = utf8mb4 */;
CREATE TABLE `sale_details` (
  `id` bigint NOT NULL AUTO_INCREMENT,
  `price` decimal(10,2) NOT NULL,
  `quantity` int unsigned NOT NULL,
  `total_detail` decimal(10,2) NOT NULL,
  `item` varchar(250) NOT NULL,
  `sale` bigint NOT NULL,
  PRIMARY KEY (`id`),
  KEY `sale_details_item_b9c6a251_fk_store_item_id` (`item`),
  KEY `sale_details_sale_28cbac4b_fk_sales_id` (`sale`),
  CONSTRAINT `sale_details_item_b9c6a251_fk_store_item_id` FOREIGN KEY (`item`) REFERENCES `store_item` (`id`),
  CONSTRAINT `sale_details_sale_28cbac4b_fk_sales_id` FOREIGN KEY (`sale`) REFERENCES `sales` (`id`),
  CONSTRAINT `sale_details_chk_1` CHECK ((`quantity` >= 0))
) ENGINE=InnoDB DEFAULT CHARSET=utf8mb4 COLLATE=utf8mb4_0900_ai_ci;
/*!40101 SET character_set_client = @saved_cs_client */;

--
-- Dumping data for table `sale_details`
--

LOCK TABLES `sale_details` WRITE;
/*!40000 ALTER TABLE `sale_details` DISABLE KEYS */;
/*!40000 ALTER TABLE `sale_details` ENABLE KEYS */;
UNLOCK TABLES;

--
-- Table structure for table `sales`
--

DROP TABLE IF EXISTS `sales`;
/*!40101 SET @saved_cs_client     = @@character_set_client */;
/*!50503 SET character_set_client = utf8mb4 */;
CREATE TABLE `sales` (
  `id` bigint NOT NULL AUTO_INCREMENT,
  `date_added` datetime(6) NOT NULL,
  `sub_total` decimal(10,2) NOT NULL,
  `grand_total` decimal(10,2) NOT NULL,
  `tax_amount` decimal(10,2) NOT NULL,
  `tax_percentage` double NOT NULL,
  `amount_paid` decimal(10,2) NOT NULL,
  `amount_change` decimal(10,2) NOT NULL,
  `customer` bigint NOT NULL,
  PRIMARY KEY (`id`),
  KEY `sales_customer_10f6660e_fk_Customers_id` (`customer`),
  CONSTRAINT `sales_customer_10f6660e_fk_Customers_id` FOREIGN KEY (`customer`) REFERENCES `customers` (`id`)
) ENGINE=InnoDB DEFAULT CHARSET=utf8mb4 COLLATE=utf8mb4_0900_ai_ci;
/*!40101 SET character_set_client = @saved_cs_client */;

--
-- Dumping data for table `sales`
--

LOCK TABLES `sales` WRITE;
/*!40000 ALTER TABLE `sales` DISABLE KEYS */;
/*!40000 ALTER TABLE `sales` ENABLE KEYS */;
UNLOCK TABLES;

--
-- Table structure for table `store_category`
--

DROP TABLE IF EXISTS `store_category`;
/*!40101 SET @saved_cs_client     = @@character_set_client */;
/*!50503 SET character_set_client = utf8mb4 */;
CREATE TABLE `store_category` (
  `id` bigint NOT NULL AUTO_INCREMENT,
  `name` varchar(50) NOT NULL,
  `slug` varchar(50) NOT NULL,
  PRIMARY KEY (`id`),
  UNIQUE KEY `slug` (`slug`)
) ENGINE=InnoDB DEFAULT CHARSET=utf8mb4 COLLATE=utf8mb4_0900_ai_ci;
/*!40101 SET character_set_client = @saved_cs_client */;

--
-- Dumping data for table `store_category`
--

LOCK TABLES `store_category` WRITE;
/*!40000 ALTER TABLE `store_category` DISABLE KEYS */;
/*!40000 ALTER TABLE `store_category` ENABLE KEYS */;
UNLOCK TABLES;

--
-- Table structure for table `store_delivery`
--

DROP TABLE IF EXISTS `store_delivery`;
/*!40101 SET @saved_cs_client     = @@character_set_client */;
/*!50503 SET character_set_client = utf8mb4 */;
CREATE TABLE `store_delivery` (
  `id` bigint NOT NULL AUTO_INCREMENT,
  `date` datetime(6) NOT NULL,
  `is_delivered` tinyint(1) NOT NULL,
  `customer_id` bigint DEFAULT NULL,
  `item_id` varchar(250) DEFAULT NULL,
  `user_id` bigint DEFAULT NULL,
  PRIMARY KEY (`id`),
  KEY `store_delivery_customer_id_06dca62b_fk_Customers_id` (`customer_id`),
  KEY `store_delivery_item_id_918991fd_fk_store_item_id` (`item_id`),
  KEY `store_delivery_user_id_e00d16e4_fk_accounts_myuser_id` (`user_id`),
  CONSTRAINT `store_delivery_customer_id_06dca62b_fk_Customers_id` FOREIGN KEY (`customer_id`) REFERENCES `customers` (`id`),
  CONSTRAINT `store_delivery_item_id_918991fd_fk_store_item_id` FOREIGN KEY (`item_id`) REFERENCES `store_item` (`id`),
  CONSTRAINT `store_delivery_user_id_e00d16e4_fk_accounts_myuser_id` FOREIGN KEY (`user_id`) REFERENCES `accounts_myuser` (`id`)
) ENGINE=InnoDB DEFAULT CHARSET=utf8mb4 COLLATE=utf8mb4_0900_ai_ci;
/*!40101 SET character_set_client = @saved_cs_client */;

--
-- Dumping data for table `store_delivery`
--

LOCK TABLES `store_delivery` WRITE;
/*!40000 ALTER TABLE `store_delivery` DISABLE KEYS */;
/*!40000 ALTER TABLE `store_delivery` ENABLE KEYS */;
UNLOCK TABLES;

--
-- Table structure for table `store_dxffile`
--

DROP TABLE IF EXISTS `store_dxffile`;
/*!40101 SET @saved_cs_client     = @@character_set_client */;
/*!50503 SET character_set_client = utf8mb4 */;
CREATE TABLE `store_dxffile` (
  `id` bigint NOT NULL AUTO_INCREMENT,
  `date` date NOT NULL,
  `dxf_file` varchar(100) NOT NULL,
  `type` varchar(256) NOT NULL,
  PRIMARY KEY (`id`)
) ENGINE=InnoDB AUTO_INCREMENT=4 DEFAULT CHARSET=utf8mb4 COLLATE=utf8mb4_0900_ai_ci;
/*!40101 SET character_set_client = @saved_cs_client */;

--
-- Dumping data for table `store_dxffile`
--

LOCK TABLES `store_dxffile` WRITE;
/*!40000 ALTER TABLE `store_dxffile` DISABLE KEYS */;
INSERT INTO `store_dxffile` VALUES (1,'2025-03-05','manual/dxf/03.png','DR'),(2,'2025-03-06','manual/dxf/birhanu_hareg_flower_50.dxf','DR'),(3,'2025-03-06','manual/dxf/KIYA_HEXAGON.dxf','DR');
/*!40000 ALTER TABLE `store_dxffile` ENABLE KEYS */;
UNLOCK TABLES;

--
-- Table structure for table `store_dxforder`
--

DROP TABLE IF EXISTS `store_dxforder`;
/*!40101 SET @saved_cs_client     = @@character_set_client */;
/*!50503 SET character_set_client = utf8mb4 */;
CREATE TABLE `store_dxforder` (
  `id` bigint NOT NULL AUTO_INCREMENT,
  `quantity` int NOT NULL,
  `dxf_file` varchar(100) NOT NULL,
  `date` datetime(6) NOT NULL,
  PRIMARY KEY (`id`)
) ENGINE=InnoDB DEFAULT CHARSET=utf8mb4 COLLATE=utf8mb4_0900_ai_ci;
/*!40101 SET character_set_client = @saved_cs_client */;

--
-- Dumping data for table `store_dxforder`
--

LOCK TABLES `store_dxforder` WRITE;
/*!40000 ALTER TABLE `store_dxforder` DISABLE KEYS */;
/*!40000 ALTER TABLE `store_dxforder` ENABLE KEYS */;
UNLOCK TABLES;

--
-- Table structure for table `store_imagefile`
--

DROP TABLE IF EXISTS `store_imagefile`;
/*!40101 SET @saved_cs_client     = @@character_set_client */;
/*!50503 SET character_set_client = utf8mb4 */;
CREATE TABLE `store_imagefile` (
  `id` bigint NOT NULL AUTO_INCREMENT,
  `name` varchar(100) NOT NULL,
  `date` date NOT NULL,
  `image` varchar(100) NOT NULL,
  `type` varchar(256) NOT NULL,
  PRIMARY KEY (`id`)
) ENGINE=InnoDB DEFAULT CHARSET=utf8mb4 COLLATE=utf8mb4_0900_ai_ci;
/*!40101 SET character_set_client = @saved_cs_client */;

--
-- Dumping data for table `store_imagefile`
--

LOCK TABLES `store_imagefile` WRITE;
/*!40000 ALTER TABLE `store_imagefile` DISABLE KEYS */;
/*!40000 ALTER TABLE `store_imagefile` ENABLE KEYS */;
UNLOCK TABLES;

--
-- Table structure for table `store_item`
--

DROP TABLE IF EXISTS `store_item`;
/*!40101 SET @saved_cs_client     = @@character_set_client */;
/*!50503 SET character_set_client = utf8mb4 */;
CREATE TABLE `store_item` (
  `id` varchar(250) NOT NULL,
  `image1` varchar(100) NOT NULL,
  `image2` varchar(100) NOT NULL,
  `image3` varchar(100) NOT NULL,
  `dimensions_type` varchar(256) NOT NULL,
  `diminsions` varchar(256) DEFAULT NULL,
  `dimensions_info` longtext,
  `dimensions_image` varchar(100) DEFAULT NULL,
  `priority` varchar(256) NOT NULL,
  `remark` longtext NOT NULL,
  `quantity` int NOT NULL,
  `verif_price` varchar(256) NOT NULL,
  `verif_design` varchar(256) NOT NULL,
  `price` int DEFAULT NULL,
  `dxf_file` varchar(100) DEFAULT NULL,
  `date` datetime(6) NOT NULL,
  `completed` tinyint(1) NOT NULL,
  `start` datetime(6) DEFAULT NULL,
  `finish` datetime(6) DEFAULT NULL,
  `type` varchar(256) NOT NULL,
  `subclassed` tinyint(1) NOT NULL,
  `client_id` bigint DEFAULT NULL,
  `thickness_id` bigint DEFAULT NULL,
  `user_id` bigint DEFAULT NULL,
  PRIMARY KEY (`id`),
  KEY `store_item_client_id_1bb81bd9_fk_Customers_id` (`client_id`),
  KEY `store_item_thickness_id_9e812815_fk_bills_thickness_id` (`thickness_id`),
  KEY `store_item_user_id_9691bac7_fk_accounts_myuser_id` (`user_id`),
  CONSTRAINT `store_item_client_id_1bb81bd9_fk_Customers_id` FOREIGN KEY (`client_id`) REFERENCES `customers` (`id`),
  CONSTRAINT `store_item_thickness_id_9e812815_fk_bills_thickness_id` FOREIGN KEY (`thickness_id`) REFERENCES `bills_thickness` (`id`),
  CONSTRAINT `store_item_user_id_9691bac7_fk_accounts_myuser_id` FOREIGN KEY (`user_id`) REFERENCES `accounts_myuser` (`id`)
) ENGINE=InnoDB DEFAULT CHARSET=utf8mb4 COLLATE=utf8mb4_0900_ai_ci;
/*!40101 SET character_set_client = @saved_cs_client */;

--
-- Dumping data for table `store_item`
--

LOCK TABLES `store_item` WRITE;
/*!40000 ALTER TABLE `store_item` DISABLE KEYS */;
INSERT INTO `store_item` VALUES ('AP08AS001','item/images/Ashenafi wale/Capture_pk75YKo.PNG','','','other',NULL,'100cm be 200cm.....2pcs mirror hono','','S','test',0,'W','W',NULL,'','2025-04-08 10:48:44.521454',0,NULL,NULL,'DR',0,3,2,1),('AP08AS002','item/images/Ashenafi wale/Capture_lGotHQ1.PNG','','','other',NULL,'100cm be 200cm.....2pcs mirror hono','','S','testing',1,'A','A',1,'item/DXF/tensay negash/birhanu_hareg_flower_50.dxf','2025-04-08 10:45:16.580582',1,'2025-04-08 10:45:15.555711','2025-04-08 10:45:16.576499','DR',1,3,2,1),('AP08AS002A','item/images/Ashenafi wale/Capture_lGotHQ1.PNG','','','other',NULL,'100cm be 200cm.....2pcs mirror hono','','S','testing',5,'A','A',5,'item/DXF/tensay negash/birhanu_hareg_flower_50.dxf','2025-04-08 10:45:26.742436',1,'2025-04-08 10:45:26.062480','2025-04-08 10:45:26.734133','DR',1,3,2,1),('AP08AS003','item/images/Ashenafi wale/Capture_W1PADYE.PNG','','','other',NULL,'100cm be 200cm.....2pcs mirror hono','','S','testing',0,'W','W',NULL,'','2025-04-08 10:36:21.236199',0,NULL,NULL,'DR',0,3,8,1),('AP08AS004','item/images/Ashenafi wale/Capture_barKSFJ.PNG','','','other',NULL,'100cm be 200cm.....2pcs mirror hono','','S','test',0,'W','W',NULL,'','2025-04-08 10:37:05.021117',0,NULL,NULL,'DR',0,3,8,1),('AP08AS005','item/images/Ashenafi wale/Capture_BfWIW3d.PNG','','','other',NULL,'100cm be 200cm.....2pcs mirror hono','','S','test',0,'W','W',NULL,'','2025-04-08 10:37:49.849805',0,NULL,NULL,'DR',0,3,8,1),('AP08AS006','item/images/Ashenafi wale/Capture_RsMtJZL.PNG','','','other',NULL,'100cm be 200cm.....2pcs mirror hono','','S','test',0,'W','W',NULL,'','2025-04-08 10:38:19.021510',0,NULL,NULL,'DR',0,3,8,1),('AP10AS001','item/images/Ashenafi wale/Capture_FfU2PTf.PNG','','','other',NULL,'test','','S','test',1,'P','A',1000,'item/DXF/taye_self_design.dxf','2025-04-10 09:01:11.914448',0,NULL,NULL,'DR',1,3,10,1),('AP10AS001A','item/images/Ashenafi wale/Capture_FfU2PTf.PNG','','','other',NULL,'test','','S','test',1,'P','A',1000,'item/DXF/taye_self_design.dxf','2025-04-10 09:00:44.587439',0,NULL,NULL,'DR',1,3,10,1),('AP10AS001B','item/images/Ashenafi wale/Capture_FfU2PTf.PNG','','','other',NULL,'test','','S','test',1,'P','A',1000,'item/DXF/taye_self_design.dxf','2025-04-10 09:00:50.525596',0,NULL,NULL,'DR',1,3,10,1),('AP10AS001C','item/images/Ashenafi wale/Capture_FfU2PTf.PNG','','','other',NULL,'test','','S','test',1,'P','A',1000,'item/DXF/taye_self_design.dxf','2025-04-10 09:00:57.507354',0,NULL,NULL,'DR',1,3,10,1),('AP10AS001D','item/images/Ashenafi wale/Capture_FfU2PTf.PNG','','','other',NULL,'test','','S','test',1,'P','A',1000,'item/DXF/tensay negash/birhanu_hareg_flower_50.dxf','2025-04-10 09:01:04.162425',0,NULL,NULL,'DR',1,3,10,1),('AP10AS002','item/images/Ashenafi wale/Capture_R0kEIUf.PNG','','','other',NULL,'test','','S','test',1,'A','A',1000,'item/DXF/tensay negash/birhanu_hareg_flower_50.dxf','2025-04-10 09:06:11.817734',0,NULL,NULL,'DR',1,3,10,1),('AP10AS002A','item/images/Ashenafi wale/Capture_R0kEIUf.PNG','','','other',NULL,'test','','S','test',1,'A','A',1000,'item/DXF/tensay negash/birhanu_hareg_flower_50.dxf','2025-04-10 09:06:17.311639',0,NULL,NULL,'DR',1,3,10,1),('AP10AS002B','item/images/Ashenafi wale/Capture_R0kEIUf.PNG','','','other',NULL,'test','','S','test',1,'A','A',1000,'item/DXF/tensay negash/birhanu_hareg_flower_50.dxf','2025-04-10 09:06:20.877445',0,NULL,NULL,'DR',1,3,10,1),('AP10AS002C','item/images/Ashenafi wale/Capture_R0kEIUf.PNG','','','other',NULL,'test','','S','test',1,'A','A',1000,'item/DXF/tensay negash/birhanu_hareg_flower_50.dxf','2025-04-10 09:05:52.368286',0,NULL,NULL,'DR',1,3,10,1),('AP10AS002D','item/images/Ashenafi wale/Capture_R0kEIUf.PNG','','','other',NULL,'test','','S','test',1,'A','A',1000,'item/DXF/tensay negash/birhanu_hareg_flower_50.dxf','2025-04-10 09:06:27.750942',0,NULL,NULL,'DR',1,3,10,1),('AP10AS002E','item/images/Ashenafi wale/Capture_R0kEIUf.PNG','','','other',NULL,'test','','S','test',1,'A','A',1000,'item/DXF/tensay negash/birhanu_hareg_flower_50.dxf','2025-04-10 09:06:32.632185',0,NULL,NULL,'DR',1,3,10,1),('AP10AS002F','item/images/Ashenafi wale/Capture_R0kEIUf.PNG','','','other',NULL,'test','','S','test',1,'A','A',1000,'item/DXF/tensay negash/birhanu_hareg_flower_50.dxf','2025-04-10 09:06:37.153076',0,NULL,NULL,'DR',1,3,10,1),('AP10AS002G','item/images/Ashenafi wale/Capture_R0kEIUf.PNG','','','other',NULL,'test','','S','test',1,'A','A',1000,'item/DXF/tensay negash/birhanu_hareg_flower_50.dxf','2025-04-10 09:06:41.645831',0,NULL,NULL,'DR',1,3,10,1),('AP12KA001','item/images/kassaye taxi/Capture.PNG','','','other',NULL,'test','','H','test',0,'W','W',NULL,'','2025-04-12 09:45:59.811397',0,NULL,NULL,'DR',0,10,10,1),('AP12KA002','item/images/kassaye taxi/Capture_ZYwy7fg.PNG','','','other',NULL,'test','','H','test',0,'W','W',NULL,'','2025-04-12 09:48:04.265526',0,NULL,NULL,'DR',0,10,10,1),('MA08AB001','item/images/aberahamNatnael_Yazachew2_1_1.png','','','other','{\"type\": \"rectangular\", \"width\": \"33\", \"length\": \"25\"}','est','','H','test',1,'A','A',1000,'item/DXF/taye_self_design.dxf','2025-03-20 18:47:20.067286',0,NULL,NULL,'DR',1,2,10,1),('MA08AB001A','item/images/aberahamNatnael_Yazachew2_1_1.png','','','other','{\"type\": \"rectangular\", \"width\": \"33\", \"length\": \"25\"}','est','','H','test',4,'A','A',100,'manual/dxf/KIYA_HEXAGON.dxf','2025-03-20 18:47:27.841714',0,NULL,NULL,'DR',1,2,1,1),('MA08AB001B','item/images/aberahamNatnael_Yazachew2_1_1.png','','','other','{\"type\": \"rectangular\", \"width\": \"33\", \"length\": \"25\"}','est','','H','test',1,'A','A',5000,'manual/dxf/KIYA_HEXAGON.dxf','2025-03-20 18:47:37.610086',1,'2025-03-20 18:47:36.674885','2025-03-20 18:47:37.596505','DR',1,2,5,1),('MA08AB002','item/images/aberahamNatnael_Yazachew2_1_1_oRZfmv6.png','','','square','{\"type\": \"square\", \"width\": \"55\"}',NULL,'','S','test',1,'W','P',NULL,'item/DXF/tensay negash/birhanu_hareg_flower_50.dxf','2025-03-18 15:10:33.954044',0,NULL,NULL,'DR',0,2,1,1),('MA08AB003','item/images/aberahamNatnael_Yazachew2_1_1_nE5NJI7.png','','','square','{\"type\": \"square\", \"width\": \"55\"}',NULL,'','S','test',1,'W','P',NULL,'manual/dxf/KIYA_HEXAGON.dxf','2025-03-08 18:55:31.622327',0,NULL,NULL,'DR',0,2,2,1),('MA08AB004','item/images/aberahamNatnael_Yazachew2_1_1_sgHrHT5.png','','','square','{\"type\": \"square\", \"width\": \"55\"}',NULL,'','S','test2',1,'W','P',NULL,'manual/dxf/KIYA_HEXAGON.dxf','2025-03-08 19:23:12.803338',0,NULL,NULL,'DR',0,2,2,1),('MA08AB006','item/images/aberahamNatnael_Yazachew2_1_1_GgRBPJG.png','','','square','{\"type\": \"square\", \"width\": \"33\"}',NULL,'','S','test',1,'W','P',NULL,'manual/dxf/KIYA_HEXAGON.dxf','2025-03-08 19:23:32.325863',0,NULL,NULL,'DR',0,2,2,1),('MA08AB007','item/images/aberahamNatnael_Yazachew2_1_1_jXdSVon.png','','','rectangular','{\"type\": \"rectangular\", \"width\": \"55\",\"length\":\"55\"}','','','S','test5',1,'W','P',NULL,'item/DXF/tensay negash/birhanu_hareg_flower_50.dxf','2025-03-18 15:12:36.576010',0,NULL,NULL,'DR',0,2,2,1),('MA08AB008','item/images/aberahamNatnael_Yazachew2_1_1_IiIymTw.png','','','square','{\"type\": \"square\", \"width\": \"25\"}',NULL,'','S','test',1,'W','P',NULL,'manual/dxf/KIYA_HEXAGON.dxf','2025-03-08 19:23:45.928598',0,NULL,NULL,'DR',0,2,2,1),('MA08AB009','item/images/aberahamNatnael_Yazachew2_1_1_ivrspss.png','','','square','{\"type\": \"square\", \"width\": \"25\"}',NULL,'','S','tdts',1,'W','P',NULL,'manual/dxf/KIYA_HEXAGON.dxf','2025-03-08 19:23:54.480436',0,NULL,NULL,'DR',0,2,1,1),('MA08TE001','item/images/tensay_negashNatnael_Yazachew2_1_1_qz3hBxW.png','','','rectangular','{\"type\": \"rectangular\", \"width\": \"25\", \"length\": \"21\"}',NULL,'','S','test',11,'A','A',11000,'item/DXF/tensay negash/birhanu_hareg_flower_50.dxf','2025-03-08 20:30:08.487171',0,NULL,NULL,'DR',0,1,2,1),('MA08TE002','item/images/tensay_negashNatnael_Yazachew2_1_1_rhl2xLt.png','','','other',NULL,'test1 \r\ntwo three four','','H','test1\r\nteste3',2,'A','A',1000,'manual/dxf/KIYA_HEXAGON.dxf','2025-03-21 14:22:05.821858',1,'2025-03-21 14:22:04.631135','2025-03-21 14:22:05.816888','DR',1,1,2,1),('MA08TE003','item/images/tensay_negashNatnael_Yazachew2_1_1_jS6ISc2.png','','','other',NULL,'test','','S','1',1,'W','P',NULL,'manual/dxf/KIYA_HEXAGON.dxf','2025-03-08 19:24:06.135030',0,NULL,NULL,'DR',1,1,1,1),('MA08TE005','item/images/tensay_negashNatnael_Yazachew2_1_1_piGVJQp.png','','','square','{\"type\": \"square\", \"width\": \"55\"}',NULL,'','S','test',1,'W','P',NULL,'manual/dxf/KIYA_HEXAGON.dxf','2025-03-08 19:23:24.272561',0,NULL,NULL,'DR',0,1,1,1);
/*!40000 ALTER TABLE `store_item` ENABLE KEYS */;
UNLOCK TABLES;

--
-- Table structure for table `store_userprint`
--

DROP TABLE IF EXISTS `store_userprint`;
/*!40101 SET @saved_cs_client     = @@character_set_client */;
/*!50503 SET character_set_client = utf8mb4 */;
CREATE TABLE `store_userprint` (
  `id` bigint NOT NULL AUTO_INCREMENT,
  `date` datetime(6) NOT NULL,
  `comment` varchar(256) NOT NULL,
  `item_id` varchar(250) NOT NULL,
  `user_id` bigint NOT NULL,
  PRIMARY KEY (`id`),
  KEY `store_userprint_item_id_d8905894_fk_store_item_id` (`item_id`),
  KEY `store_userprint_user_id_b66f588e_fk_accounts_myuser_id` (`user_id`),
  CONSTRAINT `store_userprint_item_id_d8905894_fk_store_item_id` FOREIGN KEY (`item_id`) REFERENCES `store_item` (`id`),
  CONSTRAINT `store_userprint_user_id_b66f588e_fk_accounts_myuser_id` FOREIGN KEY (`user_id`) REFERENCES `accounts_myuser` (`id`)
) ENGINE=InnoDB AUTO_INCREMENT=221 DEFAULT CHARSET=utf8mb4 COLLATE=utf8mb4_0900_ai_ci;
/*!40101 SET character_set_client = @saved_cs_client */;

--
-- Dumping data for table `store_userprint`
--

LOCK TABLES `store_userprint` WRITE;
/*!40000 ALTER TABLE `store_userprint` DISABLE KEYS */;
INSERT INTO `store_userprint` VALUES (2,'2025-03-08 09:02:26.043542','designer_change_add','MA08TE001',2),(3,'2025-03-08 09:05:20.326656','designer_change_add','MA08TE001',2),(4,'2025-03-08 09:30:05.718186','','MA08TE001',17),(5,'2025-03-08 09:41:40.828481','','MA08TE001',17),(6,'2025-03-08 10:32:02.655254','designer_change_add','MA08TE002',2),(7,'2025-03-08 10:33:26.864183','designer_change_add','MA08TE002',2),(8,'2025-03-08 10:33:31.243248','designer_change_add','MA08TE002',2),(9,'2025-03-08 10:33:44.821624','designer_change_add','MA08TE002',2),(10,'2025-03-08 10:33:57.002599','designer_change_add','MA08TE002',2),(11,'2025-03-08 10:35:56.453629','designer_change_add','MA08TE002',2),(12,'2025-03-08 10:36:36.821462','designer_change_add','MA08TE002',2),(13,'2025-03-08 10:41:10.182555','designer_change_add','MA08TE002',2),(14,'2025-03-08 10:42:31.097956','designer_change_add','MA08TE002',2),(15,'2025-03-08 10:42:44.892259','designer_change_add','MA08TE002',2),(16,'2025-03-08 10:44:13.212835','designer_change_add','MA08TE002',2),(17,'2025-03-08 10:44:23.776611','designer_change_add','MA08TE002',2),(18,'2025-03-08 10:44:40.639974','designer_change_add','MA08TE002',2),(19,'2025-03-08 10:45:59.013247','designer_change_add','MA08TE002',2),(20,'2025-03-08 10:46:26.454864','designer_change_add','MA08TE002',2),(21,'2025-03-08 10:47:41.457788','designer_change_add','MA08TE002',2),(22,'2025-03-08 10:59:07.114596','designer_change_add','MA08TE002',2),(23,'2025-03-08 11:00:29.157734','designer_change_add','MA08TE002',2),(24,'2025-03-08 11:03:03.564523','designer_change_add','MA08TE002',2),(25,'2025-03-08 11:08:28.710578','designer_change_add','MA08TE002',2),(26,'2025-03-08 11:09:25.657185','designer_change_add','MA08TE002',2),(27,'2025-03-08 11:10:53.111049','designer_change_add','MA08TE002',2),(28,'2025-03-08 11:12:33.421989','designer_change_add','MA08TE002',2),(29,'2025-03-08 11:13:01.889975','designer_change_add','MA08TE002',2),(30,'2025-03-08 11:17:28.210314','designer_change_add','MA08TE002',2),(31,'2025-03-08 11:23:20.918274','designer_change_add','MA08TE002',2),(32,'2025-03-08 11:45:40.554937','designer_change_add','MA08TE002',2),(33,'2025-03-08 11:46:20.892791','designer_change_add','MA08TE002',2),(34,'2025-03-08 11:47:25.790215','designer_change_add','MA08TE002',2),(35,'2025-03-08 11:49:21.133499','designer_change_add','MA08TE002',2),(36,'2025-03-08 11:49:45.433536','designer_change_add','MA08TE002',2),(37,'2025-03-08 11:50:14.193946','designer_change_add','MA08TE002',2),(38,'2025-03-08 11:51:43.821818','designer_change_add','MA08TE002',2),(39,'2025-03-08 11:52:08.713931','designer_change_add','MA08TE002',2),(40,'2025-03-08 11:58:37.096664','designer_change_add','MA08TE002',2),(41,'2025-03-08 12:33:13.715077','designer_change_add','MA08TE002',2),(42,'2025-03-08 12:34:55.882560','designer_change_add','MA08TE002',2),(43,'2025-03-08 12:35:10.558472','designer_change_add','MA08TE002',2),(44,'2025-03-08 12:42:31.052604','designer_change_add','MA08TE002',2),(45,'2025-03-08 12:42:54.681111','designer_change_add','MA08TE002',2),(46,'2025-03-08 12:49:10.487983','designer_change_add','MA08TE002',2),(47,'2025-03-08 12:52:24.605309','designer_change_add','MA08TE002',2),(48,'2025-03-08 14:28:43.352486','designer_change_add','MA08TE002',2),(49,'2025-03-08 14:29:41.531834','designer_change_add','MA08TE002',2),(50,'2025-03-08 14:30:43.690101','designer_change_add','MA08TE002',2),(51,'2025-03-08 14:31:13.696255','designer_change_add','MA08TE002',2),(52,'2025-03-08 14:31:35.001309','designer_change_add','MA08TE002',2),(53,'2025-03-08 14:31:49.169160','designer_change_add','MA08TE002',2),(54,'2025-03-08 14:35:25.874176','designer_change_add','MA08TE002',2),(55,'2025-03-08 14:39:18.764290','designer_change_add','MA08TE002',2),(56,'2025-03-08 14:40:14.471187','designer_change_add','MA08TE002',2),(57,'2025-03-08 14:41:21.828460','designer_change_add','MA08TE002',2),(58,'2025-03-08 14:41:53.454843','designer_change_add','MA08TE002',2),(59,'2025-03-08 14:42:33.074436','designer_change_add','MA08TE002',2),(60,'2025-03-08 14:43:24.696589','designer_change_add','MA08TE002',2),(61,'2025-03-08 14:43:50.526843','designer_change_add','MA08TE002',2),(62,'2025-03-08 14:46:33.210595','designer_change_add','MA08TE002',2),(63,'2025-03-08 14:47:08.460223','designer_change_add','MA08TE002',2),(64,'2025-03-08 14:51:43.790168','designer_change_add','MA08TE002',2),(65,'2025-03-08 14:52:18.947826','designer_change_add','MA08TE002',2),(66,'2025-03-08 14:53:50.918639','designer_change_add','MA08TE002',2),(67,'2025-03-08 14:54:14.812168','designer_change_add','MA08TE002',2),(68,'2025-03-08 14:54:40.438876','designer_change_add','MA08TE002',2),(69,'2025-03-08 14:55:54.569023','designer_change_add','MA08TE002',2),(72,'2025-03-08 14:58:49.484042','designer_change_add','MA08TE002',2),(73,'2025-03-08 15:16:53.032926','designer_change_add','MA08TE002',2),(74,'2025-03-08 15:19:07.646194','designer_change_add','MA08TE002',2),(75,'2025-03-08 15:22:44.596428','designer_change_add','MA08TE002',2),(76,'2025-03-08 15:28:00.745659','designer_change_add','MA08TE002',2),(77,'2025-03-08 15:28:56.967654','designer_change_add','MA08TE002',2),(78,'2025-03-08 15:29:27.985535','designer_change_add','MA08TE002',2),(79,'2025-03-08 15:30:48.068646','designer_change_add','MA08TE002',2),(80,'2025-03-08 15:32:42.489205','designer_change_add','MA08TE002',2),(81,'2025-03-08 15:33:18.104179','designer_change_add','MA08TE002',2),(82,'2025-03-08 15:34:39.374351','designer_change_add','MA08TE002',2),(83,'2025-03-08 15:35:17.962574','designer_change_add','MA08TE002',2),(84,'2025-03-08 15:37:01.649936','designer_change_add','MA08TE002',2),(85,'2025-03-08 15:43:09.824462','designer_change_add','MA08TE002',2),(86,'2025-03-08 15:44:03.379528','designer_change_add','MA08TE002',2),(87,'2025-03-08 15:46:23.478095','designer_change_add','MA08TE002',2),(88,'2025-03-08 15:47:21.510674','designer_change_add','MA08TE002',2),(89,'2025-03-08 15:47:55.671629','designer_change_add','MA08TE002',2),(90,'2025-03-08 15:49:56.396729','designer_change_add','MA08TE002',2),(91,'2025-03-08 18:54:39.281278','designer_change_add','MA08AB001',2),(92,'2025-03-08 18:54:59.107641','designer_change_add','MA08AB001',2),(93,'2025-03-08 18:55:21.324597','designer_change_add','MA08AB002',2),(94,'2025-03-08 18:55:31.616001','designer_change_add','MA08AB003',2),(95,'2025-03-08 18:55:40.357537','designer_change_add','MA08AB004',2),(96,'2025-03-08 18:55:49.608355','designer_change_add','MA08AB004',2),(97,'2025-03-08 19:23:12.797004','designer_change_add','MA08AB004',2),(98,'2025-03-08 19:23:24.264595','designer_change_add','MA08TE005',2),(99,'2025-03-08 19:23:32.318733','designer_change_add','MA08AB006',2),(100,'2025-03-08 19:23:39.060447','designer_change_add','MA08AB007',2),(101,'2025-03-08 19:23:45.921855','designer_change_add','MA08AB008',2),(102,'2025-03-08 19:23:54.474417','designer_change_add','MA08AB009',2),(103,'2025-03-08 19:24:06.129121','designer_change_add','MA08TE003',2),(111,'2025-03-16 21:23:06.782344','designer_change_add','MA08AB001',19),(112,'2025-03-16 21:25:14.840827','designer_change_add','MA08AB001',19),(113,'2025-03-16 21:28:03.304151','designer_change_add','MA08AB001',19),(114,'2025-03-16 21:29:46.137135','designer_change_add','MA08AB001',19),(115,'2025-03-16 21:31:20.395758','designer_change_add','MA08AB001',19),(116,'2025-03-16 21:31:34.368963','designer_change_add','MA08AB001',19),(117,'2025-03-16 21:31:49.274460','designer_change_add','MA08AB001',19),(118,'2025-03-16 21:32:09.799435','designer_change_add','MA08AB001',19),(119,'2025-03-16 21:34:58.851453','designer_change_add','MA08AB001',19),(120,'2025-03-16 21:36:02.375212','designer_change_add','MA08AB001',19),(121,'2025-03-16 21:36:45.901946','designer_change_add','MA08AB001',19),(122,'2025-03-16 21:37:21.687553','designer_change_add','MA08AB001',19),(123,'2025-03-16 21:41:18.915851','designer_change_add','MA08AB001',19),(124,'2025-03-16 21:45:59.041913','designer_change_add','MA08AB001',19),(125,'2025-03-16 21:46:10.717578','designer_change_add','MA08AB001',19),(126,'2025-03-16 21:52:22.680055','designer_change_add','MA08AB001',19),(127,'2025-03-16 22:01:39.777186','designer_change_add','MA08AB001',19),(128,'2025-03-16 22:02:20.841757','designer_change_add','MA08AB001',19),(129,'2025-03-16 22:04:47.870212','designer_change_add','MA08AB001',19),(130,'2025-03-16 22:05:06.944795','designer_change_add','MA08AB001',19),(131,'2025-03-16 22:07:32.205865','designer_change_add','MA08AB001',19),(132,'2025-03-16 22:09:52.843692','designer_change_add','MA08AB001',19),(133,'2025-03-17 21:37:13.673388','designer_change_add','MA08AB001',19),(134,'2025-03-17 21:45:46.340175','designer_change_add','MA08AB001',19),(135,'2025-03-17 22:27:24.346357','designer_change_add','MA08AB001',19),(136,'2025-03-17 22:29:04.400729','designer_change_add','MA08AB001',19),(137,'2025-03-17 22:29:53.991546','designer_change_add','MA08AB001',19),(138,'2025-03-17 22:30:59.994455','designer_change_add','MA08AB001',19),(139,'2025-03-17 22:33:09.660506','designer_change_add','MA08AB001',19),(140,'2025-03-17 22:36:06.308927','designer_change_add','MA08AB001',19),(141,'2025-03-17 22:36:29.870741','designer_change_add','MA08AB001',19),(142,'2025-03-17 22:36:49.671006','designer_change_add','MA08AB001',19),(143,'2025-03-17 22:37:31.092137','designer_change_add','MA08AB001',19),(144,'2025-03-17 22:38:04.869361','designer_change_add','MA08AB001',19),(145,'2025-03-17 22:39:02.192685','designer_change_add','MA08AB001',19),(146,'2025-03-18 15:10:33.939898','designer_change_add','MA08AB002',19),(147,'2025-03-18 15:12:36.566659','designer_change_add','MA08AB007',19),(148,'2025-03-18 15:14:21.429254','designer_change_add','MA08AB001',19),(149,'2025-03-18 15:54:28.941974','designer_change_add','MA08AB001',19),(150,'2025-03-20 11:41:01.498497','operator_started_task','MA08AB001A',10),(151,'2025-03-20 11:48:27.496399','operator_finished_task','MA08AB001A',10),(152,'2025-03-20 11:51:07.156533','operator_started_task','MA08AB001',10),(153,'2025-03-20 11:51:08.376573','operator_finished_task','MA08AB001',10),(154,'2025-03-20 14:01:30.041701','operator_started_task','MA08AB001A',10),(155,'2025-03-20 14:10:07.251349','operator_finished_task','MA08AB001A',10),(156,'2025-03-20 14:13:36.061442','operator_started_task','MA08AB001',10),(157,'2025-03-20 14:13:37.468465','operator_finished_task','MA08AB001',10),(158,'2025-03-20 17:41:53.662745','operator_started_task','MA08AB001B',10),(159,'2025-03-20 17:41:55.025079','operator_finished_task','MA08AB001B',10),(160,'2025-03-20 18:47:36.675890','operator_started_task','MA08AB001B',10),(161,'2025-03-20 18:47:37.596505','operator_finished_task','MA08AB001B',10),(162,'2025-03-21 14:22:04.632041','operator_started_task','MA08TE002',10),(163,'2025-03-21 14:22:05.816888','operator_finished_task','MA08TE002',10),(164,'2025-04-08 10:40:48.102407','designer_change_add','AP08AS001',19),(165,'2025-04-08 10:41:23.479399','designer_change_add','AP08AS001',19),(166,'2025-04-08 10:42:49.014482','designer_change_add','AP08AS002',19),(167,'2025-04-08 10:43:25.606507','designer_change_add','AP08AS002',19),(168,'2025-04-08 10:44:29.775442','','AP08AS002',17),(169,'2025-04-08 10:44:33.111203','','AP08AS002A',17),(170,'2025-04-08 10:45:15.557802','operator_started_task','AP08AS002',10),(171,'2025-04-08 10:45:16.576499','operator_finished_task','AP08AS002',10),(172,'2025-04-08 10:45:26.063465','operator_started_task','AP08AS002A',10),(173,'2025-04-08 10:45:26.736236','operator_finished_task','AP08AS002A',10),(174,'2025-04-08 10:51:11.978639','designer_change_add','AP08AS003',19),(175,'2025-04-08 10:52:26.645427','designer_change_add','AP08AS003',19),(176,'2025-04-08 10:59:00.151434','designer_change_add','AP08AS003',19),(177,'2025-04-08 10:59:34.755675','designer_change_add','AP08AS003',19),(178,'2025-04-08 11:00:08.507174','designer_change_add','AP08AS003',19),(179,'2025-04-08 11:00:57.697323','designer_change_add','AP08AS003',19),(180,'2025-04-08 11:01:43.743412','designer_change_add','AP08AS003',19),(181,'2025-04-08 11:02:00.463932','designer_change_add','AP08AS003',19),(182,'2025-04-08 11:05:51.599424','designer_change_add','AP08AS003',19),(183,'2025-04-08 11:07:35.223386','designer_change_add','AP08AS003',19),(184,'2025-04-08 11:07:48.940517','designer_change_add','AP08AS003',19),(185,'2025-04-08 11:08:28.486952','designer_change_add','AP08AS003',19),(186,'2025-04-08 11:09:11.800522','designer_change_add','AP08AS003',19),(187,'2025-04-08 11:09:47.431491','designer_change_add','AP08AS003',19),(188,'2025-04-08 11:10:23.821798','designer_change_add','AP08AS003',19),(189,'2025-04-08 11:10:37.804203','designer_change_add','AP08AS003',19),(190,'2025-04-08 11:10:55.372850','designer_change_add','AP08AS003',19),(191,'2025-04-08 11:12:12.386228','designer_change_add','AP08AS003',19),(192,'2025-04-08 11:12:57.245028','designer_change_add','AP08AS003',19),(193,'2025-04-08 11:13:17.348867','designer_change_add','AP08AS003',19),(194,'2025-04-08 11:13:35.605724','designer_change_add','AP08AS003',19),(195,'2025-04-08 11:13:46.802616','designer_change_add','AP08AS003',19),(196,'2025-04-08 11:14:01.352235','designer_change_add','AP08AS003',19),(197,'2025-04-08 11:14:52.359521','designer_change_add','AP08AS003',19),(198,'2025-04-08 11:16:48.614512','designer_change_add','AP08AS003',19),(199,'2025-04-08 11:21:26.886575','designer_change_add','AP08AS003',19),(200,'2025-04-08 11:21:46.599243','designer_change_add','AP08AS003',19),(201,'2025-04-08 11:30:30.366518','designer_change_add','AP08AS003',19),(202,'2025-04-08 11:31:55.407845','designer_change_add','AP08AS003',19),(203,'2025-04-08 11:33:20.481530','designer_change_add','AP08AS003',19),(204,'2025-04-08 11:34:22.089923','designer_change_add','AP08AS003',19),(205,'2025-04-08 11:34:49.571762','designer_change_add','AP08AS003',19),(206,'2025-04-10 08:58:35.200677','designer_change_add','AP10AS001',19),(207,'2025-04-10 09:00:44.576285','','AP10AS001A',20),(208,'2025-04-10 09:00:50.517372','','AP10AS001B',20),(209,'2025-04-10 09:00:57.498751','','AP10AS001C',20),(210,'2025-04-10 09:01:04.151730','','AP10AS001D',20),(211,'2025-04-10 09:01:11.856104','','AP10AS001',20),(212,'2025-04-10 09:02:53.497062','designer_change_add','AP10AS002',19),(213,'2025-04-10 09:04:58.088579','','AP10AS002',17),(214,'2025-04-10 09:05:02.934569','','AP10AS002A',17),(215,'2025-04-10 09:05:08.923328','','AP10AS002B',17),(216,'2025-04-10 09:05:13.900243','','AP10AS002C',17),(217,'2025-04-10 09:05:19.174322','','AP10AS002D',17),(218,'2025-04-10 09:05:23.710414','','AP10AS002E',17),(219,'2025-04-10 09:05:28.841970','','AP10AS002F',17),(220,'2025-04-10 09:05:33.313352','','AP10AS002G',17);
/*!40000 ALTER TABLE `store_userprint` ENABLE KEYS */;
UNLOCK TABLES;

--
-- Table structure for table `transactions_purchase`
--

DROP TABLE IF EXISTS `transactions_purchase`;
/*!40101 SET @saved_cs_client     = @@character_set_client */;
/*!50503 SET character_set_client = utf8mb4 */;
CREATE TABLE `transactions_purchase` (
  `id` bigint NOT NULL AUTO_INCREMENT,
  `slug` varchar(50) NOT NULL,
  `description` longtext,
  `order_date` datetime(6) NOT NULL,
  `delivery_date` datetime(6) DEFAULT NULL,
  `quantity` int unsigned NOT NULL,
  `delivery_status` varchar(1) NOT NULL,
  `price` decimal(10,2) NOT NULL,
  `total_value` decimal(10,2) NOT NULL,
  `item_id` varchar(250) NOT NULL,
  `vendor_id` bigint NOT NULL,
  PRIMARY KEY (`id`),
  UNIQUE KEY `slug` (`slug`),
  KEY `transactions_purchase_item_id_4f847a67_fk_store_item_id` (`item_id`),
  KEY `transactions_purchase_vendor_id_1d5514ec_fk_accounts_supplier_id` (`vendor_id`),
  CONSTRAINT `transactions_purchase_item_id_4f847a67_fk_store_item_id` FOREIGN KEY (`item_id`) REFERENCES `store_item` (`id`),
  CONSTRAINT `transactions_purchase_vendor_id_1d5514ec_fk_accounts_supplier_id` FOREIGN KEY (`vendor_id`) REFERENCES `accounts_supplier` (`id`),
  CONSTRAINT `transactions_purchase_chk_1` CHECK ((`quantity` >= 0))
) ENGINE=InnoDB DEFAULT CHARSET=utf8mb4 COLLATE=utf8mb4_0900_ai_ci;
/*!40101 SET character_set_client = @saved_cs_client */;

--
-- Dumping data for table `transactions_purchase`
--

LOCK TABLES `transactions_purchase` WRITE;
/*!40000 ALTER TABLE `transactions_purchase` DISABLE KEYS */;
/*!40000 ALTER TABLE `transactions_purchase` ENABLE KEYS */;
UNLOCK TABLES;
/*!40103 SET TIME_ZONE=@OLD_TIME_ZONE */;

/*!40101 SET SQL_MODE=@OLD_SQL_MODE */;
/*!40014 SET FOREIGN_KEY_CHECKS=@OLD_FOREIGN_KEY_CHECKS */;
/*!40014 SET UNIQUE_CHECKS=@OLD_UNIQUE_CHECKS */;
/*!40101 SET CHARACTER_SET_CLIENT=@OLD_CHARACTER_SET_CLIENT */;
/*!40101 SET CHARACTER_SET_RESULTS=@OLD_CHARACTER_SET_RESULTS */;
/*!40101 SET COLLATION_CONNECTION=@OLD_COLLATION_CONNECTION */;
/*!40111 SET SQL_NOTES=@OLD_SQL_NOTES */;

-- Dump completed on 2025-04-12  9:58:36
