[{"model": "accounts.overtime", "pk": 1, "fields": {"date": "2025-03-20", "paid": false, "ammount": ["MA19ZO007", "MA19BR001", "MA19BR001A", "MA19ZO006", "MA20ZO005"]}}, {"model": "accounts.overtime", "pk": 2, "fields": {"date": "2025-03-21", "paid": false, "ammount": ["MA19ER005"]}}, {"model": "accounts.overtime", "pk": 3, "fields": {"date": "2025-03-22", "paid": false, "ammount": ["MA21GE002", "MA21GE007", "MA21GE006", "MA21GE003A", "MA21GE003", "MA22AS006"]}}, {"model": "accounts.overtime", "pk": 4, "fields": {"date": "2025-03-24", "paid": false, "ammount": ["MA22NE002", "MA22ZO002", "MA22ZO001C", "MA22ZO001", "MA22ZO001A", "MA22GE010"]}}, {"model": "accounts.overtime", "pk": 5, "fields": {"date": "2025-03-25", "paid": false, "ammount": ["MA25FI005", "MA25FI004", "MA25ZO006", "MA25SA003", "MA25ZO005"]}}, {"model": "accounts.overtime", "pk": 6, "fields": {"date": "2025-03-26", "paid": false, "ammount": ["MA26ZA003A", "MA26ZO002A", "MA26MO005B", "MA26ZO004", "MA26GE003", "MA26GE005A", "MA26GE004", "MA26GE008"]}}, {"model": "accounts.overtime", "pk": 7, "fields": {"date": "2025-03-27", "paid": false, "ammount": ["MA26ZO003", "MA26MO005", "MA26MO005A", "MA26MO003", "MA26MO003A"]}}, {"model": "accounts.overtime", "pk": 8, "fields": {"date": "2025-03-28", "paid": false, "ammount": ["MA28ZO005", "MA28ZO002A", "MA28ZO002", "MA28ZO001A", "MA28ZO001B", "MA28ZO006B", "MA28YO001A", "MA28YO001", "MA28ZO001"]}}, {"model": "accounts.overtime", "pk": 9, "fields": {"date": "2025-03-28", "paid": false, "ammount": ["MA28ST001"]}}, {"model": "accounts.overtime", "pk": 10, "fields": {"date": "2025-03-29", "paid": false, "ammount": ["MA28ZO001"]}}, {"model": "accounts.overtime", "pk": 11, "fields": {"date": "2025-04-08", "paid": false, "ammount": ["AP08GE006", "AP08AS002", "AP08GE003", "AP08GE004"]}}, {"model": "accounts.overtime", "pk": 12, "fields": {"date": "2025-04-09", "paid": false, "ammount": ["AP08AS004"]}}, {"model": "accounts.overtime", "pk": 13, "fields": {"date": "2025-04-09", "paid": false, "ammount": ["AP08AS003", "AP08AS004A", "AP08GE006A", "AP08YO001", "AP08YO001A", "AP08YO001B"]}}, {"model": "accounts.overtime", "pk": 14, "fields": {"date": "2025-04-10", "paid": false, "ammount": ["AP08YO001C", "AP10SE002", "AP10GE002"]}}, {"model": "accounts.overtime", "pk": 15, "fields": {"date": "2025-04-11", "paid": false, "ammount": ["AP10ZO002A", "AP11YO003"]}}, {"model": "accounts.overtime", "pk": 16, "fields": {"date": "2025-04-12", "paid": false, "ammount": ["AP11FI004", "AP10GE004", "AP10GE004A", "AP10GE005", "AP10GE007"]}}, {"model": "accounts.overtime", "pk": 17, "fields": {"date": "2025-04-13", "paid": false, "ammount": ["AP10GE006A", "AP10GE006"]}}, {"model": "accounts.overtime", "pk": 18, "fields": {"date": "2025-04-14", "paid": false, "ammount": ["AP14NA001"]}}, {"model": "accounts.overtime", "pk": 19, "fields": {"date": "2025-04-15", "paid": false, "ammount": ["AP15TE002F", "AP15TE002E", "AP15TE002C", "AP15NA003", "AP15GE002", "AP15DI004"]}}, {"model": "accounts.overtime", "pk": 20, "fields": {"date": "2025-04-15", "paid": false, "ammount": ["AP10GE007A", "MA29TA002B"]}}, {"model": "accounts.overtime", "pk": 21, "fields": {"date": "2025-04-16", "paid": false, "ammount": ["AP15NA007", "AP15YO006", "AP16YO004D", "AP16YO004A", "AP16YO004B", "AP16YO004C"]}}, {"model": "accounts.overtime", "pk": 22, "fields": {"date": "2025-04-16", "paid": false, "ammount": ["AP16YO004"]}}, {"model": "accounts.overtime", "pk": 23, "fields": {"date": "2025-04-17", "paid": false, "ammount": ["AP17AS008", "AP17AS006", "AP17AS005", "AP17AS009", "AP16GE005"]}}, {"model": "accounts.overtime", "pk": 24, "fields": {"date": "2025-04-18", "paid": false, "ammount": ["AP17AS010", "AP17GE002B", "AP17AS003", "AP17AS011", "AP17GE002A"]}}, {"model": "accounts.overtime", "pk": 25, "fields": {"date": "2025-04-19", "paid": false, "ammount": ["AP19GE004"]}}, {"model": "accounts.overtime", "pk": 26, "fields": {"date": "2025-04-21", "paid": false, "ammount": ["AP21AS003", "AP21AS002"]}}, {"model": "accounts.overtime", "pk": 27, "fields": {"date": "2025-04-22", "paid": false, "ammount": ["AP21SH001F", "AP21SH001G", "AP21SH001", "AP21SH001E", "AP21SH001D", "AP21SH001B", "AP21SH001A"]}}, {"model": "accounts.overtime", "pk": 28, "fields": {"date": "2025-04-22", "paid": false, "ammount": ["AP17NA009", "AP17NA010"]}}, {"model": "accounts.overtime", "pk": 29, "fields": {"date": "2025-04-23", "paid": false, "ammount": ["AP17NA008"]}}, {"model": "accounts.overtime", "pk": 30, "fields": {"date": "2025-04-27", "paid": false, "ammount": ["AP26NE001"]}}, {"model": "accounts.overtime", "pk": 31, "fields": {"date": "2025-04-28", "paid": false, "ammount": ["AP28GE004"]}}, {"model": "accounts.overtime", "pk": 32, "fields": {"date": "2025-04-30", "paid": false, "ammount": ["AP30MA004", "AP30GE007", "AP30GE003"]}}, {"model": "accounts.overtime", "pk": 33, "fields": {"date": "2025-05-01", "paid": false, "ammount": ["MA01NE003", "MA01GE002", "MA01GE005B", "MA01GE005A", "MA01GE005", "MA01GE003"]}}, {"model": "accounts.overtime", "pk": 34, "fields": {"date": "2025-05-02", "paid": false, "ammount": ["MA01GE004", "AP30GE006", "AP30GE005", "AP30GE009"]}}, {"model": "accounts.overtime", "pk": 35, "fields": {"date": "2025-05-09", "paid": false, "ammount": ["MA09GE002", "MA09NE001", "MA07MO002A"]}}, {"model": "accounts.overtime", "pk": 36, "fields": {"date": "2025-05-10", "paid": false, "ammount": ["MA09GE002A", "MA09SH001", "MA09GE003A", "MA09GE003", "MA09GE001", "MA10AS011"]}}, {"model": "accounts.overtime", "pk": 37, "fields": {"date": "2025-05-13", "paid": false, "ammount": ["MA13SH009A", "MA13SH009", "MA13SH009B", "MA13SH009D"]}}, {"model": "accounts.overtime", "pk": 38, "fields": {"date": "2025-05-13", "paid": false, "ammount": ["MA13FI010"]}}, {"model": "accounts.overtime", "pk": 39, "fields": {"date": "2025-05-14", "paid": false, "ammount": ["MA13SH009C"]}}, {"model": "accounts.overtime", "pk": 40, "fields": {"date": "2025-05-14", "paid": false, "ammount": ["MA13GE005", "MA14GE015", "MA14GE017", "MA14GE016A", "MA14GE016", "MA14DE004", "MA14GE003"]}}, {"model": "accounts.overtime", "pk": 41, "fields": {"date": "2025-05-15", "paid": false, "ammount": ["MA14GE013", "MA14GE014", "MA14GE014A", "MA15GE005A", "MA14GE014B", "MA15GE002", "MA14GE020", "MA15GE003", "MA14GE019"]}}, {"model": "accounts.overtime", "pk": 42, "fields": {"date": "2025-05-18", "paid": false, "ammount": ["MA17GE010", "MA16BR006", "MA17TA013A", "MA17TA013", "MA17GE010A", "MA17GE012"]}}, {"model": "accounts.overtime", "pk": 43, "fields": {"date": "2025-05-20", "paid": false, "ammount": ["MA20GE005", "MA20FI001"]}}, {"model": "accounts.overtime", "pk": 44, "fields": {"date": "2025-05-21", "paid": false, "ammount": ["MA21AS001A", "MA21AS001B", "MA21GE009A", "MA21GE001"]}}, {"model": "accounts.overtime", "pk": 45, "fields": {"date": "2025-05-21", "paid": false, "ammount": ["MA21ZA007"]}}, {"model": "accounts.overtime", "pk": 46, "fields": {"date": "2025-05-22", "paid": false, "ammount": ["MA22SA008", "MA21GE009", "MA21GE008", "MA22AD009F", "MA22AD009I", "MA22AD009A", "MA22AD009E"]}}, {"model": "accounts.overtime", "pk": 47, "fields": {"date": "2025-05-23", "paid": false, "ammount": ["MA22TE001", "MA22TE001L", "MA22TE001A", "MA23AD001A", "MA22TE001B", "MA22TE001J", "MA22TE001I", "MA22TE001F"]}}, {"model": "accounts.overtime", "pk": 48, "fields": {"date": "2025-05-24", "paid": false, "ammount": ["MA22TE001E", "MA22TE001D", "MA22TE001C", "MA24AS002", "MA24AS003", "MA24AS004"]}}, {"model": "accounts.overtime", "pk": 49, "fields": {"date": "2025-05-26", "paid": false, "ammount": ["MA26TE013A", "MA26FI003", "MA26TE013B", "MA26TE013I"]}}, {"model": "accounts.overtime", "pk": 50, "fields": {"date": "2025-05-27", "paid": false, "ammount": ["MA26GE011", "MA26TE013D", "MA26GE002", "MA26TE013G", "MA26TE013E", "MA26TE013F", "MA26TE013H"]}}, {"model": "accounts.overtime", "pk": 51, "fields": {"date": "2025-05-27", "paid": false, "ammount": ["MA26TE013C"]}}, {"model": "accounts.overtime", "pk": 52, "fields": {"date": "2025-05-27", "paid": false, "ammount": ["MA27HE001", "MA27NE002", "MA27NE004", "MA27NE005"]}}, {"model": "accounts.overtime", "pk": 53, "fields": {"date": "2025-05-28", "paid": false, "ammount": ["MA28NE012", "MA28NE012A"]}}, {"model": "accounts.overtime", "pk": 54, "fields": {"date": "2025-05-28", "paid": false, "ammount": ["MA28NE015"]}}, {"model": "accounts.overtime", "pk": 55, "fields": {"date": "2025-05-29", "paid": false, "ammount": ["MA28GE009", "MA28GE010", "MA28GE010A", "MA28NA014"]}}, {"model": "accounts.overtime", "pk": 56, "fields": {"date": "2025-05-29", "paid": false, "ammount": ["MA29NA002", "MA29NA003"]}}, {"model": "accounts.overtime", "pk": 57, "fields": {"date": "2025-05-29", "paid": false, "ammount": ["MA29KE006", "MA29KE007"]}}, {"model": "accounts.overtime", "pk": 58, "fields": {"date": "2025-05-30", "paid": false, "ammount": ["MA29ZO004"]}}, {"model": "accounts.overtimeconnect", "pk": 1, "fields": {"date": "2025-03-20", "myuser": 11, "overtime": 1}}, {"model": "accounts.overtimeconnect", "pk": 2, "fields": {"date": "2025-03-21", "myuser": 10, "overtime": 2}}, {"model": "accounts.overtimeconnect", "pk": 3, "fields": {"date": "2025-03-22", "myuser": 11, "overtime": 3}}, {"model": "accounts.overtimeconnect", "pk": 4, "fields": {"date": "2025-03-24", "myuser": 10, "overtime": 4}}, {"model": "accounts.overtimeconnect", "pk": 5, "fields": {"date": "2025-03-25", "myuser": 12, "overtime": 5}}, {"model": "accounts.overtimeconnect", "pk": 6, "fields": {"date": "2025-03-26", "myuser": 11, "overtime": 6}}, {"model": "accounts.overtimeconnect", "pk": 7, "fields": {"date": "2025-03-27", "myuser": 11, "overtime": 7}}, {"model": "accounts.overtimeconnect", "pk": 8, "fields": {"date": "2025-03-28", "myuser": 10, "overtime": 8}}, {"model": "accounts.overtimeconnect", "pk": 9, "fields": {"date": "2025-03-28", "myuser": 15, "overtime": 9}}, {"model": "accounts.overtimeconnect", "pk": 10, "fields": {"date": "2025-03-29", "myuser": 10, "overtime": 10}}, {"model": "accounts.overtimeconnect", "pk": 11, "fields": {"date": "2025-04-08", "myuser": 12, "overtime": 11}}, {"model": "accounts.overtimeconnect", "pk": 12, "fields": {"date": "2025-04-09", "myuser": 12, "overtime": 12}}, {"model": "accounts.overtimeconnect", "pk": 13, "fields": {"date": "2025-04-09", "myuser": 11, "overtime": 13}}, {"model": "accounts.overtimeconnect", "pk": 14, "fields": {"date": "2025-04-10", "myuser": 11, "overtime": 14}}, {"model": "accounts.overtimeconnect", "pk": 15, "fields": {"date": "2025-04-11", "myuser": 11, "overtime": 15}}, {"model": "accounts.overtimeconnect", "pk": 16, "fields": {"date": "2025-04-12", "myuser": 11, "overtime": 16}}, {"model": "accounts.overtimeconnect", "pk": 17, "fields": {"date": "2025-04-13", "myuser": 11, "overtime": 17}}, {"model": "accounts.overtimeconnect", "pk": 18, "fields": {"date": "2025-04-14", "myuser": 11, "overtime": 18}}, {"model": "accounts.overtimeconnect", "pk": 19, "fields": {"date": "2025-04-15", "myuser": 11, "overtime": 19}}, {"model": "accounts.overtimeconnect", "pk": 20, "fields": {"date": "2025-04-15", "myuser": 15, "overtime": 20}}, {"model": "accounts.overtimeconnect", "pk": 21, "fields": {"date": "2025-04-16", "myuser": 11, "overtime": 21}}, {"model": "accounts.overtimeconnect", "pk": 22, "fields": {"date": "2025-04-16", "myuser": 15, "overtime": 22}}, {"model": "accounts.overtimeconnect", "pk": 23, "fields": {"date": "2025-04-17", "myuser": 10, "overtime": 23}}, {"model": "accounts.overtimeconnect", "pk": 24, "fields": {"date": "2025-04-18", "myuser": 10, "overtime": 24}}, {"model": "accounts.overtimeconnect", "pk": 25, "fields": {"date": "2025-04-19", "myuser": 15, "overtime": 25}}, {"model": "accounts.overtimeconnect", "pk": 26, "fields": {"date": "2025-04-21", "myuser": 10, "overtime": 26}}, {"model": "accounts.overtimeconnect", "pk": 27, "fields": {"date": "2025-04-22", "myuser": 10, "overtime": 27}}, {"model": "accounts.overtimeconnect", "pk": 28, "fields": {"date": "2025-04-22", "myuser": 11, "overtime": 28}}, {"model": "accounts.overtimeconnect", "pk": 29, "fields": {"date": "2025-04-23", "myuser": 11, "overtime": 29}}, {"model": "accounts.overtimeconnect", "pk": 30, "fields": {"date": "2025-04-27", "myuser": 11, "overtime": 30}}, {"model": "accounts.overtimeconnect", "pk": 31, "fields": {"date": "2025-04-28", "myuser": 10, "overtime": 31}}, {"model": "accounts.overtimeconnect", "pk": 32, "fields": {"date": "2025-04-30", "myuser": 10, "overtime": 32}}, {"model": "accounts.overtimeconnect", "pk": 33, "fields": {"date": "2025-05-01", "myuser": 10, "overtime": 33}}, {"model": "accounts.overtimeconnect", "pk": 34, "fields": {"date": "2025-05-02", "myuser": 10, "overtime": 34}}, {"model": "accounts.overtimeconnect", "pk": 35, "fields": {"date": "2025-05-09", "myuser": 11, "overtime": 35}}, {"model": "accounts.overtimeconnect", "pk": 36, "fields": {"date": "2025-05-10", "myuser": 11, "overtime": 36}}, {"model": "accounts.overtimeconnect", "pk": 37, "fields": {"date": "2025-05-13", "myuser": 11, "overtime": 37}}, {"model": "accounts.overtimeconnect", "pk": 38, "fields": {"date": "2025-05-13", "myuser": 15, "overtime": 38}}, {"model": "accounts.overtimeconnect", "pk": 39, "fields": {"date": "2025-05-14", "myuser": 11, "overtime": 39}}, {"model": "accounts.overtimeconnect", "pk": 40, "fields": {"date": "2025-05-14", "myuser": 10, "overtime": 40}}, {"model": "accounts.overtimeconnect", "pk": 41, "fields": {"date": "2025-05-15", "myuser": 10, "overtime": 41}}, {"model": "accounts.overtimeconnect", "pk": 42, "fields": {"date": "2025-05-18", "myuser": 10, "overtime": 42}}, {"model": "accounts.overtimeconnect", "pk": 43, "fields": {"date": "2025-05-20", "myuser": 10, "overtime": 43}}, {"model": "accounts.overtimeconnect", "pk": 44, "fields": {"date": "2025-05-21", "myuser": 10, "overtime": 44}}, {"model": "accounts.overtimeconnect", "pk": 45, "fields": {"date": "2025-05-21", "myuser": 15, "overtime": 45}}, {"model": "accounts.overtimeconnect", "pk": 46, "fields": {"date": "2025-05-22", "myuser": 10, "overtime": 46}}, {"model": "accounts.overtimeconnect", "pk": 47, "fields": {"date": "2025-05-23", "myuser": 10, "overtime": 47}}, {"model": "accounts.overtimeconnect", "pk": 48, "fields": {"date": "2025-05-24", "myuser": 10, "overtime": 48}}, {"model": "accounts.overtimeconnect", "pk": 49, "fields": {"date": "2025-05-26", "myuser": 10, "overtime": 49}}, {"model": "accounts.overtimeconnect", "pk": 50, "fields": {"date": "2025-05-27", "myuser": 10, "overtime": 50}}, {"model": "accounts.overtimeconnect", "pk": 51, "fields": {"date": "2025-05-27", "myuser": 22, "overtime": 51}}, {"model": "accounts.overtimeconnect", "pk": 52, "fields": {"date": "2025-05-27", "myuser": 15, "overtime": 52}}, {"model": "accounts.overtimeconnect", "pk": 53, "fields": {"date": "2025-05-28", "myuser": 22, "overtime": 53}}, {"model": "accounts.overtimeconnect", "pk": 54, "fields": {"date": "2025-05-28", "myuser": 15, "overtime": 54}}, {"model": "accounts.overtimeconnect", "pk": 55, "fields": {"date": "2025-05-29", "myuser": 22, "overtime": 55}}, {"model": "accounts.overtimeconnect", "pk": 56, "fields": {"date": "2025-05-29", "myuser": 21, "overtime": 56}}, {"model": "accounts.overtimeconnect", "pk": 57, "fields": {"date": "2025-05-29", "myuser": 15, "overtime": 57}}, {"model": "accounts.overtimeconnect", "pk": 58, "fields": {"date": "2025-05-30", "myuser": 21, "overtime": 58}}, {"model": "accounts.myuser", "pk": 1, "fields": {"password": "pbkdf2_sha256$600000$IfscihrFinX8h0QZpVVG1Y$66/RKPiSBHRKhgWz/9aaml/6drAIN8Vc7l6QOGVZYGg=", "is_superuser": true, "first_name": "", "last_name": "", "email": "", "is_staff": true, "is_active": true, "date_joined": "2025-03-05T00:58:14.573", "username": "natilove", "role": "SH", "last_login": "2025-05-28T08:19:57.782", "groups": [], "user_permissions": []}}, {"model": "accounts.myuser", "pk": 3, "fields": {"password": "pbkdf2_sha256$600000$covBG9wIMmcViqay3CHcCj$zk5oGF+HY9/9tUKwxJUYQYloaCPsulOEVCJ1ITfLuDM=", "is_superuser": false, "first_name": "", "last_name": "", "email": "", "is_staff": false, "is_active": true, "date_joined": "2025-03-05T01:01:33.970", "username": "nahomMR", "role": "MR", "last_login": "2025-05-29T22:21:04.365", "groups": [], "user_permissions": []}}, {"model": "accounts.myuser", "pk": 4, "fields": {"password": "pbkdf2_sha256$600000$ASkL1RLPcwjwRDlIelv4Lx$ycaIxeUb9a+h4EIzm03qVKg7XDOa48KYHqJ/MNhfCi4=", "is_superuser": false, "first_name": "", "last_name": "", "email": "", "is_staff": false, "is_active": true, "date_joined": "2025-03-05T01:02:05.378", "username": "melkamuMR", "role": "MR", "last_login": "2025-05-30T11:49:31.213", "groups": [], "user_permissions": []}}, {"model": "accounts.myuser", "pk": 5, "fields": {"password": "pbkdf2_sha256$600000$9WbzBPxc9JezQHRRKepbti$hj/HXC/2EvvfdE5hy3hh4kRY2MFmJ8Zx9pxqDjLKlfY=", "is_superuser": false, "first_name": "", "last_name": "", "email": "", "is_staff": false, "is_active": true, "date_joined": "2025-03-05T01:03:52.362", "username": "yazacehewMR", "role": "MR", "last_login": "2025-03-05T01:03:52.362", "groups": [], "user_permissions": []}}, {"model": "accounts.myuser", "pk": 6, "fields": {"password": "pbkdf2_sha256$600000$PTmb7z36VKW4uo4wjnn4rF$x7FY7sHxPt7q8O7Jqbvr60C2ElaprqqxYP8Sw9baz0o=", "is_superuser": false, "first_name": "", "last_name": "", "email": "", "is_staff": false, "is_active": true, "date_joined": "2025-03-05T01:04:59.092", "username": "nahomDR", "role": "DR", "last_login": "2025-05-29T22:19:45.172", "groups": [], "user_permissions": []}}, {"model": "accounts.myuser", "pk": 7, "fields": {"password": "pbkdf2_sha256$600000$efjIx53xbo1iNfQPnuXETD$tUonh0/E6zI/55FR6g5Sokz/n/ErYAw9JNFNZy+xBP4=", "is_superuser": false, "first_name": "", "last_name": "", "email": "", "is_staff": false, "is_active": true, "date_joined": "2025-03-05T01:09:15.275", "username": "mezmurDR", "role": "DR", "last_login": "2025-03-05T03:28:01.177", "groups": [], "user_permissions": []}}, {"model": "accounts.myuser", "pk": 8, "fields": {"password": "pbkdf2_sha256$600000$KmR36gxqsNCyPCcSgKN9fF$6zjujpD2uDg4mJr57fUHuECjeqtbmfYDjGDfTf+JGE4=", "is_superuser": false, "first_name": "", "last_name": "", "email": "", "is_staff": false, "is_active": true, "date_joined": "2025-03-05T01:10:07.681", "username": "yukunodesign", "role": "DR", "last_login": "2025-03-05T01:10:07.681", "groups": [], "user_permissions": []}}, {"model": "accounts.myuser", "pk": 9, "fields": {"password": "pbkdf2_sha256$600000$pPGdVrvSVSq6coHizRgmqQ$+48PpH6soPFSVkzCKwg1LlpMAZ5BIJu7XB6pVWtjZBQ=", "is_superuser": false, "first_name": "", "last_name": "", "email": "", "is_staff": false, "is_active": true, "date_joined": "2025-03-05T01:11:05.354", "username": "yazacehewDR", "role": "DR", "last_login": "2025-03-05T01:11:05.354", "groups": [], "user_permissions": []}}, {"model": "accounts.myuser", "pk": 10, "fields": {"password": "pbkdf2_sha256$600000$qeeqeyXL6MbVeBiyliu9ax$d9zexX7aNX2xGKckwR6KZDVNcapX0NFd5hpXs8Yuuyo=", "is_superuser": false, "first_name": "", "last_name": "", "email": "", "is_staff": false, "is_active": true, "date_joined": "2025-03-05T01:12:12.713", "username": "melkamuOP", "role": "OP", "last_login": "2025-05-30T16:31:34.744", "groups": [], "user_permissions": []}}, {"model": "accounts.myuser", "pk": 11, "fields": {"password": "pbkdf2_sha256$600000$Vh9wIkjnAZesGAY5JccNWH$6STc8O7RAihSo0vEmzez7+rbm7SSvNdQonNdO/h2Gzk=", "is_superuser": false, "first_name": "", "last_name": "", "email": "", "is_staff": false, "is_active": true, "date_joined": "2025-03-05T01:12:44.632", "username": "mezmurOP", "role": "OP", "last_login": "2025-05-28T13:56:25.272", "groups": [], "user_permissions": []}}, {"model": "accounts.myuser", "pk": 12, "fields": {"password": "pbkdf2_sha256$600000$EMKXT5bVezn91lLHpwz6r0$azw21l0+a6kXuowYFVZr+nCoDXS2yqEEAusPy3aw9sI=", "is_superuser": false, "first_name": "", "last_name": "", "email": "", "is_staff": false, "is_active": true, "date_joined": "2025-03-05T03:06:02.036", "username": "samiOP", "role": "OP", "last_login": "2025-04-22T09:17:37.567", "groups": [], "user_permissions": []}}, {"model": "accounts.myuser", "pk": 13, "fields": {"password": "pbkdf2_sha256$600000$Q965g5AMaPJ8kF3ifaRcED$2MCEYk1ZWMBQ1VdSHgAJp+5LUH7cB+KPZkJ1hY/daKw=", "is_superuser": false, "first_name": "", "last_name": "", "email": "", "is_staff": false, "is_active": true, "date_joined": "2025-03-05T03:07:01.882", "username": "negasiOP", "role": "OP", "last_login": "2025-03-05T03:17:25.988", "groups": [], "user_permissions": []}}, {"model": "accounts.myuser", "pk": 14, "fields": {"password": "pbkdf2_sha256$600000$sQtQaIOw1ExPlsKnLarYmv$bvTCAdI+ntZBVQVIKF3IvmNkEScfB91ssW7Em1zkO9Q=", "is_superuser": false, "first_name": "", "last_name": "", "email": "", "is_staff": false, "is_active": true, "date_joined": "2025-03-05T03:08:17.897", "username": "yukunooperator", "role": "OP", "last_login": "2025-03-05T03:08:17.897", "groups": [], "user_permissions": []}}, {"model": "accounts.myuser", "pk": 15, "fields": {"password": "pbkdf2_sha256$600000$EDdk3KQqHSAvMh942WoQLv$QGhSLpB1QpAfQuHUZWLqihNTUCvoXL/ccCXDjEwzPSU=", "is_superuser": false, "first_name": "", "last_name": "", "email": "", "is_staff": false, "is_active": true, "date_joined": "2025-03-05T03:09:08.700", "username": "nahomOP", "role": "OP", "last_login": "2025-05-29T22:21:20.360", "groups": [], "user_permissions": []}}, {"model": "accounts.myuser", "pk": 16, "fields": {"password": "pbkdf2_sha256$600000$nLMM2krajLtwO0hKc2ZjfE$6UcH/ldF3MSWlknb1q0K1Hlolxxa4JmchJmEmjBVccw=", "is_superuser": false, "first_name": "", "last_name": "", "email": "", "is_staff": false, "is_active": true, "date_joined": "2025-03-05T03:09:43.695", "username": "nahomAT", "role": "GM", "last_login": "2025-05-30T14:43:54.791", "groups": [], "user_permissions": []}}, {"model": "accounts.myuser", "pk": 17, "fields": {"password": "pbkdf2_sha256$600000$5bDOhT7ibvbQYG0D9wyC1w$U/sFtj/gzkAzcQ5DXFS4mzjxuCa/VwR7gD1ltLUAUYo=", "is_superuser": false, "first_name": "", "last_name": "", "email": "", "is_staff": false, "is_active": true, "date_joined": "2025-03-05T03:10:10.728", "username": "yazachewAT", "role": "GM", "last_login": "2025-05-30T16:21:16.763", "groups": [], "user_permissions": []}}, {"model": "accounts.myuser", "pk": 18, "fields": {"password": "pbkdf2_sha256$600000$DHlHTpULFdHeyiqJG1di9k$ltT6HXkO9vaexkwEUtj1HKgWdbOH3U6UIqcSAOODqJo=", "is_superuser": false, "first_name": "", "last_name": "", "email": "", "is_staff": false, "is_active": true, "date_joined": "2025-03-05T03:10:45.695", "username": "yukunoaccounting", "role": "AT", "last_login": "2025-03-05T03:10:45.695", "groups": [], "user_permissions": []}}, {"model": "accounts.myuser", "pk": 19, "fields": {"password": "pbkdf2_sha256$600000$jsaz7JmllN7KxcukhI5YK1$7Zyd9WV2N8mdaqd07I5lYQrPJoMjJJV8uk04+Tf1aBI=", "is_superuser": false, "first_name": "", "last_name": "", "email": "", "is_staff": false, "is_active": true, "date_joined": "2025-03-05T03:29:28.849", "username": "melkamuDR", "role": "DR", "last_login": "2025-05-30T11:48:44.448", "groups": [], "user_permissions": []}}, {"model": "accounts.myuser", "pk": 20, "fields": {"password": "pbkdf2_sha256$600000$M7S4BPEjnS5pOgLvktVPfl$kxrjuxtuU8CirYzbMrZSmBatIRz23mwqBhfZpSLF8rY=", "is_superuser": false, "first_name": "", "last_name": "", "email": "", "is_staff": false, "is_active": true, "date_joined": "2025-03-08T01:02:32.568", "username": "melkamuAT", "role": "AT", "last_login": "2025-05-30T11:49:22.213", "groups": [], "user_permissions": []}}, {"model": "accounts.myuser", "pk": 21, "fields": {"password": "pbkdf2_sha256$600000$pARdePpfYfkYfD1v9ICZlJ$cyAnxyTAonY1UPFckRVsqr21oltM35u+WqJ9idXfYL0=", "is_superuser": false, "first_name": "", "last_name": "", "email": "", "is_staff": false, "is_active": true, "date_joined": "2025-05-27T16:06:57.672", "username": "abatiOP", "role": "OP", "last_login": "2025-05-30T09:21:42.347", "groups": [], "user_permissions": []}}, {"model": "accounts.myuser", "pk": 22, "fields": {"password": "pbkdf2_sha256$600000$26HI8GNuokLRxzLOpbDkUc$xbpoeRlP7YMu4OiqLFUhBgGINBHqZrRlgrB/JfkbEZM=", "is_superuser": false, "first_name": "", "last_name": "", "email": "", "is_staff": false, "is_active": true, "date_joined": "2025-05-27T16:08:54.928", "username": "MengstuOP", "role": "OP", "last_login": "2025-05-27T16:24:05.462", "groups": [], "user_permissions": []}}, {"model": "accounts.supplier", "pk": 1, "fields": {"user": null, "name": "mohamod golagol", "slug": "mohamod-golagol", "phone_number": 251913690512, "address": "addis ketema, molamaru, chinklo"}}, {"model": "accounts.supplier", "pk": 2, "fields": {"user": null, "name": "China (teha)", "slug": "china-teha", "phone_number": 251915793802, "address": "addis ketema, molamaru, chinklo"}}, {"model": "accounts.supplier", "pk": 3, "fields": {"user": null, "name": "zola", "slug": "zola", "phone_number": 251920149090, "address": "merkato"}}, {"model": "accounts.supplier", "pk": 4, "fields": {"user": null, "name": "wende matefiya", "slug": "wende-matefiya", "phone_number": 251911152953, "address": "betel"}}, {"model": "accounts.supplier", "pk": 5, "fields": {"user": null, "name": "zeki", "slug": "zeki", "phone_number": 251913746298, "address": "betel"}}, {"model": "accounts.supplier", "pk": 6, "fields": {"user": null, "name": "yonas tegen", "slug": "yonas-tegen", "phone_number": 911949464, "address": "alembank"}}, {"model": "accounts.supplier", "pk": 7, "fields": {"user": null, "name": "henok matefiya", "slug": "henok-matefiya", "phone_number": 251911232482, "address": "amanuel akakbabi"}}, {"model": "accounts.supplier", "pk": 8, "fields": {"user": null, "name": "self work shop", "slug": "self-work-shop", "phone_number": 0, "address": "work shop"}}, {"model": "accounts.supplier", "pk": 9, "fields": {"user": null, "name": "walking customer", "slug": "walking-customer", "phone_number": 0, "address": "door step"}}, {"model": "accounts.customer", "pk": 3, "fields": {"user": null, "name": "Ashenafi wale", "address": "Akaki k/k , Tuludimtu", "email": null, "phone": "+251913135216", "loyalty_points": 0}}, {"model": "accounts.customer", "pk": 4, "fields": {"user": null, "name": "zola", "address": "Addis ketema , Merkato", "email": null, "phone": "+251920149090", "loyalty_points": 0}}, {"model": "accounts.customer", "pk": 5, "fields": {"user": null, "name": "Shiferaw degu", "address": "kolfe keraniyo, betel", "email": null, "phone": "+251922596977", "loyalty_points": 0}}, {"model": "accounts.customer", "pk": 6, "fields": {"user": null, "name": "Getu chidtera", "address": "addis ketema, Merkato", "email": null, "phone": "+251920641134", "loyalty_points": 0}}, {"model": "accounts.customer", "pk": 7, "fields": {"user": null, "name": "Abdela zola", "address": "addis ketema, merkato", "email": null, "phone": "+251900089995", "loyalty_points": 0}}, {"model": "accounts.customer", "pk": 8, "fields": {"user": null, "name": "Alebe Customer (mehamed)", "address": "kolfe keraniyo, Ayer tena Alembank", "email": null, "phone": "+251911214266", "loyalty_points": 0}}, {"model": "accounts.customer", "pk": 9, "fields": {"user": null, "name": "Tare nega", "address": "kolfe keraniyo, betel", "email": null, "phone": "+251911412897", "loyalty_points": 0}}, {"model": "accounts.customer", "pk": 10, "fields": {"user": null, "name": "kassaye taxi", "address": "kolfe keraniyo, Ayer tena, Alembank", "email": null, "phone": "+251911646472", "loyalty_points": 0}}, {"model": "accounts.customer", "pk": 11, "fields": {"user": null, "name": "yonas sino 2", "address": "kirkos kifle ketema, kera", "email": null, "phone": "+251979063942", "loyalty_points": 0}}, {"model": "accounts.customer", "pk": 12, "fields": {"user": null, "name": "Nahom stock", "address": "In house", "email": null, "phone": "+251911107719", "loyalty_points": 0}}, {"model": "accounts.customer", "pk": 13, "fields": {"user": null, "name": "sebe", "address": "kolfe keraniyo, betel", "email": null, "phone": "+251911207804", "loyalty_points": 0}}, {"model": "accounts.customer", "pk": 14, "fields": {"user": 1, "name": "zazi", "address": "dese", "email": null, "phone": "+251913215072", "loyalty_points": 0}}, {"model": "accounts.customer", "pk": 15, "fields": {"user": 1, "name": "wende matefiya", "address": "kolfe keraniya, mehandis sefer", "email": null, "phone": "+251911152953", "loyalty_points": 0}}, {"model": "accounts.customer", "pk": 16, "fields": {"user": 1, "name": "Taye", "address": "", "email": null, "phone": null, "loyalty_points": 0}}, {"model": "accounts.customer", "pk": 17, "fields": {"user": 1, "name": "Jemal", "address": "Jemo", "email": null, "phone": "+251911869928", "loyalty_points": 0}}, {"model": "accounts.customer", "pk": 18, "fields": {"user": null, "name": "YARED", "address": "", "email": null, "phone": null, "loyalty_points": 0}}, {"model": "accounts.customer", "pk": 19, "fields": {"user": null, "name": "leges betel", "address": "kolfe keraniyo, betel", "email": null, "phone": "+251911364426", "loyalty_points": 0}}, {"model": "accounts.customer", "pk": 20, "fields": {"user": null, "name": "kiru sino", "address": "kera", "email": null, "phone": "+251973957366", "loyalty_points": 0}}, {"model": "accounts.customer", "pk": 21, "fields": {"user": null, "name": "fikadu", "address": "", "email": null, "phone": null, "loyalty_points": 0}}, {"model": "accounts.customer", "pk": 22, "fields": {"user": null, "name": "yordanos kera", "address": "kera", "email": null, "phone": "+251947429816", "loyalty_points": 0}}, {"model": "accounts.customer", "pk": 23, "fields": {"user": null, "name": "degu", "address": "", "email": null, "phone": null, "loyalty_points": 0}}, {"model": "accounts.customer", "pk": 24, "fields": {"user": null, "name": "nahom steel", "address": "", "email": null, "phone": null, "loyalty_points": 0}}, {"model": "accounts.customer", "pk": 25, "fields": {"user": null, "name": "NEW COSTUMER", "address": "", "email": null, "phone": null, "loyalty_points": 0}}, {"model": "accounts.customer", "pk": 26, "fields": {"user": null, "name": "TEKLE", "address": "", "email": null, "phone": null, "loyalty_points": 0}}, {"model": "accounts.customer", "pk": 27, "fields": {"user": null, "name": "moges sino", "address": "kera", "email": null, "phone": "+251913411666", "loyalty_points": 0}}, {"model": "accounts.customer", "pk": 28, "fields": {"user": null, "name": "YIFREDEW", "address": "", "email": null, "phone": null, "loyalty_points": 0}}, {"model": "accounts.customer", "pk": 29, "fields": {"user": null, "name": "abel tomx", "address": "kera", "email": null, "phone": "+251915267886", "loyalty_points": 0}}, {"model": "accounts.customer", "pk": 30, "fields": {"user": null, "name": "dawit church", "address": "alem bank taxi mazoriya", "email": null, "phone": "+251911790594", "loyalty_points": 0}}, {"model": "accounts.customer", "pk": 31, "fields": {"user": null, "name": "yonas tegen", "address": "alembank industry mender", "email": null, "phone": "+251911949464", "loyalty_points": 0}}, {"model": "accounts.customer", "pk": 32, "fields": {"user": null, "name": "bruk betel", "address": "betel", "email": null, "phone": "+251911600739", "loyalty_points": 0}}, {"model": "accounts.customer", "pk": 33, "fields": {"user": null, "name": "ermiyas sino", "address": "kera", "email": null, "phone": "+251967044005", "loyalty_points": 0}}, {"model": "accounts.customer", "pk": 34, "fields": {"user": null, "name": "saladin betel", "address": "betel", "email": null, "phone": "+251911283231", "loyalty_points": 0}}, {"model": "accounts.customer", "pk": 35, "fields": {"user": null, "name": "mulugeta plate", "address": "kera", "email": null, "phone": "+251911016833", "loyalty_points": 0}}, {"model": "accounts.customer", "pk": 36, "fields": {"user": null, "name": "filipos", "address": "bisrate gebrel", "email": null, "phone": "+251923656243", "loyalty_points": 0}}, {"model": "accounts.customer", "pk": 37, "fields": {"user": null, "name": "stainless habil", "address": "kera", "email": null, "phone": "+251953255321", "loyalty_points": 0}}, {"model": "accounts.customer", "pk": 38, "fields": {"user": null, "name": "girma", "address": "", "email": null, "phone": "0911618743", "loyalty_points": 0}}, {"model": "accounts.customer", "pk": 39, "fields": {"user": null, "name": "natnael", "address": "", "email": null, "phone": "0921269140", "loyalty_points": 0}}, {"model": "accounts.customer", "pk": 40, "fields": {"user": null, "name": "abel mebratu", "address": "", "email": null, "phone": "0911286290", "loyalty_points": 0}}, {"model": "accounts.customer", "pk": 41, "fields": {"user": null, "name": "dixon merkato", "address": "teklihaymanot", "email": null, "phone": "+251922711176", "loyalty_points": 0}}, {"model": "accounts.customer", "pk": 42, "fields": {"user": null, "name": "Israel", "address": "betel", "email": null, "phone": "+251910104849", "loyalty_points": 0}}, {"model": "accounts.customer", "pk": 43, "fields": {"user": null, "name": "NEGASI DD", "address": "", "email": null, "phone": "0940969599", "loyalty_points": 0}}, {"model": "accounts.customer", "pk": 44, "fields": {"user": null, "name": "Markos", "address": "", "email": null, "phone": null, "loyalty_points": 0}}, {"model": "accounts.customer", "pk": 45, "fields": {"user": null, "name": "adem shuk", "address": "betel", "email": null, "phone": "+251937909775", "loyalty_points": 0}}, {"model": "accounts.customer", "pk": 46, "fields": {"user": null, "name": "Bruk tuludimtu", "address": "", "email": null, "phone": null, "loyalty_points": 0}}, {"model": "accounts.customer", "pk": 47, "fields": {"user": null, "name": "yared", "address": "kera torno", "email": null, "phone": "+251911787207", "loyalty_points": 0}}, {"model": "accounts.customer", "pk": 48, "fields": {"user": null, "name": "fikadau", "address": "kera tornno", "email": null, "phone": "+251911787207", "loyalty_points": 0}}, {"model": "accounts.customer", "pk": 49, "fields": {"user": null, "name": "sami ela", "address": "betel", "email": null, "phone": "0913213535", "loyalty_points": 0}}, {"model": "accounts.customer", "pk": 50, "fields": {"user": null, "name": "yared mekanisa", "address": "mekanisa", "email": null, "phone": "0911675829", "loyalty_points": 0}}, {"model": "accounts.customer", "pk": 51, "fields": {"user": null, "name": "nursefa", "address": "betel", "email": null, "phone": "+251911433218", "loyalty_points": 0}}, {"model": "accounts.customer", "pk": 52, "fields": {"user": null, "name": "henok torno", "address": "kera mebrathayl", "email": null, "phone": "+251902640054", "loyalty_points": 0}}, {"model": "accounts.customer", "pk": 53, "fields": {"user": null, "name": "kegna beverage", "address": "kera workshop", "email": null, "phone": "+251911259640", "loyalty_points": 0}}]