[{"model": "store.dxffile", "pk": 1, "fields": {"date": "2025-03-05", "dxf_file": "manual/dxf/CROSS_edit.dxf", "type": "DR"}}, {"model": "store.dxffile", "pk": 2, "fields": {"date": "2025-03-06", "dxf_file": "manual/dxf/abrham.dxf", "type": "DR"}}, {"model": "store.dxffile", "pk": 3, "fields": {"date": "2025-03-06", "dxf_file": "manual/dxf/alebe_new_meskel_like_design_3.dxf", "type": "DR"}}, {"model": "store.dxffile", "pk": 4, "fields": {"date": "2025-03-06", "dxf_file": "manual/dxf/20_dekika.dxf", "type": "DR"}}, {"model": "store.dxffile", "pk": 5, "fields": {"date": "2025-03-06", "dxf_file": "manual/dxf/tekle_japi_dereja_1.dxf", "type": "DR"}}, {"model": "store.dxffile", "pk": 6, "fields": {"date": "2025-03-06", "dxf_file": "manual/dxf/tekle_japi_dereja_2.dxf", "type": "DR"}}, {"model": "store.dxffile", "pk": 7, "fields": {"date": "2025-03-07", "dxf_file": "manual/dxf/20_dekika_emlslehu.dxf", "type": "DR"}}, {"model": "store.dxffile", "pk": 8, "fields": {"date": "2025-03-07", "dxf_file": "manual/dxf/Ibrahim_dertogada_1.dxf", "type": "DR"}}, {"model": "store.dxffile", "pk": 9, "fields": {"date": "2025-03-07", "dxf_file": "manual/dxf/Ibrahim_dertogada_2.dxf", "type": "DR"}}, {"model": "store.dxffile", "pk": 10, "fields": {"date": "2025-03-07", "dxf_file": "manual/dxf/Ibrahim_dertogada_3.dxf", "type": "DR"}}, {"model": "store.dxffile", "pk": 11, "fields": {"date": "2025-03-07", "dxf_file": "manual/dxf/Ibrahim_dertogada_4.dxf", "type": "DR"}}, {"model": "store.dxffile", "pk": 12, "fields": {"date": "2025-03-07", "dxf_file": "manual/dxf/Ibrahim_dertogada_5.dxf", "type": "DR"}}, {"model": "store.dxffile", "pk": 13, "fields": {"date": "2025-03-07", "dxf_file": "manual/dxf/Ibrahim_dertogada_6.dxf", "type": "DR"}}, {"model": "store.dxffile", "pk": 14, "fields": {"date": "2025-03-07", "dxf_file": "manual/dxf/Ibrahim_dertogada_7.dxf", "type": "DR"}}, {"model": "store.dxffile", "pk": 15, "fields": {"date": "2025-03-07", "dxf_file": "manual/dxf/Ibrahim_dertogada_8.dxf", "type": "DR"}}, {"model": "store.dxffile", "pk": 16, "fields": {"date": "2025-03-07", "dxf_file": "manual/dxf/tekle_japi_dereja_1_xR9KYMf.dxf", "type": "ST"}}, {"model": "store.dxffile", "pk": 17, "fields": {"date": "2025-03-07", "dxf_file": "manual/dxf/tekle_japi_dereja_2_vDXJVEp.dxf", "type": "ST"}}, {"model": "store.dxffile", "pk": 18, "fields": {"date": "2025-03-07", "dxf_file": "manual/dxf/st_giyorgis_final_78.dxf", "type": "DR"}}, {"model": "store.dxffile", "pk": 19, "fields": {"date": "2025-03-07", "dxf_file": "manual/dxf/ST_GIYORGIS_P_II.dxf", "type": "DR"}}, {"model": "store.dxffile", "pk": 20, "fields": {"date": "2025-03-08", "dxf_file": "manual/dxf/MIKAEL.dxf", "type": "DR"}}, {"model": "store.dxffile", "pk": 21, "fields": {"date": "2025-03-08", "dxf_file": "manual/dxf/GETU_ZIG_LIKE_TARE.dxf", "type": "DR"}}, {"model": "store.dxffile", "pk": 22, "fields": {"date": "2025-03-08", "dxf_file": "manual/dxf/ABUNA.dxf", "type": "DR"}}, {"model": "store.dxffile", "pk": 23, "fields": {"date": "2025-03-08", "dxf_file": "manual/dxf/ashu_new_flower_25.dxf", "type": "DR"}}, {"model": "store.dxffile", "pk": 24, "fields": {"date": "2025-03-08", "dxf_file": "manual/dxf/AZA_DOOR_DESIGN.dxf", "type": "DR"}}, {"model": "store.dxffile", "pk": 25, "fields": {"date": "2025-03-08", "dxf_file": "manual/dxf/AZA_DOOR_DESIGN_S8au7vk.dxf", "type": "DR"}}, {"model": "store.dxffile", "pk": 26, "fields": {"date": "2025-03-08", "dxf_file": "manual/dxf/zola_test_7_be_50.dxf", "type": "DR"}}, {"model": "store.dxffile", "pk": 27, "fields": {"date": "2025-03-10", "dxf_file": "manual/dxf/bisrat_new_1.dxf", "type": "BL"}}, {"model": "store.dxffile", "pk": 28, "fields": {"date": "2025-03-10", "dxf_file": "manual/dxf/bisrat_new_2.dxf", "type": "BL"}}, {"model": "store.dxffile", "pk": 29, "fields": {"date": "2025-03-10", "dxf_file": "manual/dxf/bisrat_new_3.dxf", "type": "BL"}}, {"model": "store.dxffile", "pk": 30, "fields": {"date": "2025-03-10", "dxf_file": "manual/dxf/bisrat_new_scrap.dxf", "type": "BL"}}, {"model": "store.dxffile", "pk": 31, "fields": {"date": "2025-03-10", "dxf_file": "manual/dxf/getu_kidus_georgis.dxf", "type": "DR"}}, {"model": "store.dxffile", "pk": 32, "fields": {"date": "2025-03-10", "dxf_file": "manual/dxf/maruf_blade.dxf", "type": "ST"}}, {"model": "store.dxffile", "pk": 33, "fields": {"date": "2025-03-10", "dxf_file": "manual/dxf/Yefekresh_merkonga_1.dxf", "type": "OT"}}, {"model": "store.dxffile", "pk": 34, "fields": {"date": "2025-03-10", "dxf_file": "manual/dxf/Yefekresh_merkonga_1_TuQfYBP.dxf", "type": "ST"}}, {"model": "store.dxffile", "pk": 35, "fields": {"date": "2025-03-10", "dxf_file": "manual/dxf/maruf_blade_20_and_18_test.dxf", "type": "DR"}}, {"model": "store.dxffile", "pk": 36, "fields": {"date": "2025-03-10", "dxf_file": "manual/dxf/3mm_scrap.dxf", "type": "ST"}}, {"model": "store.dxffile", "pk": 37, "fields": {"date": "2025-03-10", "dxf_file": "manual/dxf/sqy_100_x_200.dxf", "type": "ST"}}, {"model": "store.dxffile", "pk": 38, "fields": {"date": "2025-03-10", "dxf_file": "manual/dxf/zola_half_tor_33.dxf", "type": "ST"}}, {"model": "store.dxffile", "pk": 39, "fields": {"date": "2025-03-10", "dxf_file": "manual/dxf/zola_half_tor_50.dxf", "type": "ST"}}, {"model": "store.dxffile", "pk": 40, "fields": {"date": "2025-03-10", "dxf_file": "manual/dxf/zola_long_flower_33.dxf", "type": "ST"}}, {"model": "store.dxffile", "pk": 41, "fields": {"date": "2025-03-10", "dxf_file": "manual/dxf/zola_long_flower_50.dxf", "type": "BL"}}, {"model": "store.dxffile", "pk": 42, "fields": {"date": "2025-03-10", "dxf_file": "manual/dxf/zola_tor_star_33.dxf", "type": "ST"}}, {"model": "store.dxffile", "pk": 43, "fields": {"date": "2025-03-10", "dxf_file": "manual/dxf/zola_tor_star_50.dxf", "type": "ST"}}, {"model": "store.dxffile", "pk": 44, "fields": {"date": "2025-03-10", "dxf_file": "manual/dxf/zola_4200f_50.dxf", "type": "ST"}}, {"model": "store.dxffile", "pk": 45, "fields": {"date": "2025-03-10", "dxf_file": "manual/dxf/zola_long_flower_50_rKzxs52.dxf", "type": "ST"}}, {"model": "store.dxffile", "pk": 46, "fields": {"date": "2025-03-10", "dxf_file": "manual/dxf/zola_tor_star_50_kBx4lw1.dxf", "type": "ST"}}, {"model": "store.dxffile", "pk": 47, "fields": {"date": "2025-03-10", "dxf_file": "manual/dxf/circle__96_x_163_2p.dxf", "type": "ST"}}, {"model": "store.dxffile", "pk": 48, "fields": {"date": "2025-03-11", "dxf_file": "manual/dxf/zola_circle_star_50.dxf", "type": "OT"}}, {"model": "store.imagefile", "pk": 2, "fields": {"name": "17416574605758094726074366591092", "date": "2025-03-11", "image": "manual/image/17416574605758094726074366591092.jpg", "type": "ST"}}, {"model": "store.item", "pk": "MA07AB003", "fields": {"user": 1, "image1": "item/images/Abdela_zolaabdela.jpg", "image2": "", "image3": "", "thickness": 7, "dimensions_type": "other", "diminsions": null, "dimensions_info": "endedisignu.......500pcs about 5 lamera", "dimensions_image": "", "client": 7, "priority": "S", "remark": "no", "quantity": 5, "verif_price": "A", "verif_design": "A", "price": 27500, "dxf_file": "item/DXF/Abdela zola/nahi_tor_big_1.4mm.dxf", "date": "2025-03-07T21:44:24.173", "completed": true, "start": "2025-03-07T09:33:24.915", "finish": "2025-03-07T21:44:24.141", "type": "OT", "subclassed": false}}, {"model": "store.item", "pk": "MA07AL003", "fields": {"user": 1, "image1": "item/images/Alebe_Customer_mehamedalebe_cu_qI3ojwk.jpg", "image2": "", "image3": "", "thickness": 8, "dimensions_type": "other", "diminsions": null, "dimensions_info": "84cm *178.5cm ....2pcs mirror hono", "dimensions_image": "", "client": 8, "priority": "S", "remark": "mirror yihun ena scrapu lay tor medium and tor big", "quantity": 1, "verif_price": "A", "verif_design": "A", "price": 1, "dxf_file": "item/DXF/Alebe Customer (mehamed)/ALABE_coconat_84_MIRROR_fQ2gHm8.dxf", "date": "2025-03-08T01:06:42.020", "completed": true, "start": "2025-03-08T00:47:49.269", "finish": "2025-03-08T01:06:42.005", "type": "DR", "subclassed": false}}, {"model": "store.item", "pk": "MA07AL003A", "fields": {"user": 1, "image1": "item/images/Alebe_Customer_mehamedalebe_cu_qI3ojwk.jpg", "image2": "", "image3": "", "thickness": 8, "dimensions_type": "other", "diminsions": null, "dimensions_info": "84cm *178.5cm ....2pcs mirror hono", "dimensions_image": "", "client": 8, "priority": "S", "remark": "mirror yihun ena scrapu lay tor medium and tor big", "quantity": 1, "verif_price": "A", "verif_design": "A", "price": 1, "dxf_file": "item/DXF/Alebe Customer (mehamed)/ALABE_coconat_84_FULL_G9RR1WQ.dxf", "date": "2025-03-08T00:47:24.302", "completed": true, "start": "2025-03-08T00:30:22.653", "finish": "2025-03-08T00:47:24.271", "type": "DR", "subclassed": true}}, {"model": "store.item", "pk": "MA07AS001", "fields": {"user": 3, "image1": "item/images/Ashenafi_waleashu_1.jpg", "image2": "", "image3": "", "thickness": 4, "dimensions_type": "rectangular", "diminsions": "{\"type\": \"rectangular\", \"width\": \"25\", \"length\": \"200\"}", "dimensions_info": null, "dimensions_image": "", "client": 3, "priority": "S", "remark": "no", "quantity": 2, "verif_price": "A", "verif_design": "A", "price": 2650, "dxf_file": "item/DXF/Ashenafi wale/ashu_new_flower_25.dxf", "date": "2025-03-07T08:50:30.579", "completed": true, "start": "2025-03-07T08:35:07.273", "finish": "2025-03-07T08:50:30.564", "type": "DR", "subclassed": false}}, {"model": "store.item", "pk": "MA07AS002", "fields": {"user": 3, "image1": "item/images/Ashenafi_waleashu_2.jpg", "image2": "", "image3": "", "thickness": 8, "dimensions_type": "rectangular", "diminsions": "{\"type\": \"rectangular\", \"width\": \"200\", \"length\": \"50\"}", "dimensions_info": null, "dimensions_image": "", "client": 3, "priority": "S", "remark": "no", "quantity": 4, "verif_price": "A", "verif_design": "A", "price": 4800, "dxf_file": "item/DXF/Ashenafi wale/ASHU_RANDOM_SQUARE_50_K1IpKi8.dxf", "date": "2025-03-07T09:11:48.687", "completed": true, "start": "2025-03-07T08:53:33.093", "finish": "2025-03-07T09:11:48.656", "type": "BL", "subclassed": false}}, {"model": "store.item", "pk": "MA07KA002", "fields": {"user": 3, "image1": "item/images/kassaye_taxikassaye.jpg", "image2": "", "image3": "", "thickness": 6, "dimensions_type": "rectangular", "diminsions": "{\"type\": \"rectangular\", \"width\": \"10\", \"length\": \"200\"}", "dimensions_info": null, "dimensions_image": "", "client": 10, "priority": "S", "remark": "per lamera 9pcs endiwetaw liketu demo sharp 10cm be 2m", "quantity": 1, "verif_price": "A", "verif_design": "A", "price": 3200, "dxf_file": "item/DXF/kassaye taxi/kASSAYE__s_like_zig_10_be_2m_q8XL3cS.dxf", "date": "2025-03-07T09:28:15.030", "completed": true, "start": "2025-03-07T09:26:33.252", "finish": "2025-03-07T09:28:14.999", "type": "OT", "subclassed": false}}, {"model": "store.item", "pk": "MA07NA005", "fields": {"user": 3, "image1": "item/images/Nahom_stocky.jpg", "image2": "", "image3": "", "thickness": 4, "dimensions_type": "other", "diminsions": null, "dimensions_info": "be designu lik", "dimensions_image": "", "client": 12, "priority": "S", "remark": "no", "quantity": 1, "verif_price": "A", "verif_design": "A", "price": 3400, "dxf_file": "item/DXF/Nahom stock/jemila_sino_back_1.dxf", "date": "2025-03-08T00:19:44.809", "completed": true, "start": "2025-03-07T22:58:37.248", "finish": "2025-03-08T00:19:44.778", "type": "OT", "subclassed": false}}, {"model": "store.item", "pk": "MA07SH001", "fields": {"user": 1, "image1": "item/images/Shiferaw_degushiferaw.jpg", "image2": "", "image3": "", "thickness": 7, "dimensions_type": "rectangular", "diminsions": "{\"type\": \"rectangular\", \"width\": \"11\", \"length\": \"200\"}", "dimensions_info": "", "dimensions_image": "", "client": 5, "priority": "S", "remark": "sharp 11cm yihun join and break belew sharp be 1 meter endiyalklh", "quantity": 1, "verif_price": "A", "verif_design": "A", "price": 3900, "dxf_file": "item/DXF/Shiferaw degu/shiferaw_new_zig_11cm_be_2m.dxf", "date": "2025-03-07T07:23:39.659", "completed": true, "start": "2025-03-07T07:23:35.959", "finish": "2025-03-07T07:23:39.612", "type": "DR", "subclassed": false}}, {"model": "store.item", "pk": "MA07YO004", "fields": {"user": 3, "image1": "item/images/yonas_sino_2y.jpg", "image2": "", "image3": "", "thickness": 4, "dimensions_type": "other", "diminsions": null, "dimensions_info": "be designu lik", "dimensions_image": "", "client": 11, "priority": "S", "remark": "no", "quantity": 1, "verif_price": "A", "verif_design": "A", "price": 3500, "dxf_file": "item/DXF/yonas sino 2/mogos_sino_back_1.dxf", "date": "2025-03-07T22:53:46.250", "completed": true, "start": "2025-03-07T22:23:36.661", "finish": "2025-03-07T22:53:46.219", "type": "OT", "subclassed": false}}, {"model": "store.item", "pk": "MA07ZO001", "fields": {"user": 3, "image1": "item/images/zolazola_1.jpg", "image2": "", "image3": "", "thickness": 4, "dimensions_type": "other", "diminsions": null, "dimensions_info": "bale 22 circle....no. 4.....50cm * 2m .......1lamera\r\n                                     25cm * 2m ......1 lamera\r\nunique......50cm * 2m.......2lamera", "dimensions_image": "", "client": 4, "priority": "S", "remark": "no", "quantity": 1, "verif_price": "A", "verif_design": "A", "price": 2650, "dxf_file": "item/DXF/zola/ZOLA_bale_22_circle_50.dxf", "date": "2025-03-07T06:41:04.686", "completed": true, "start": "2025-03-07T06:28:45.106", "finish": "2025-03-07T06:41:04.655", "type": "DR", "subclassed": false}}, {"model": "store.item", "pk": "MA07ZO001A", "fields": {"user": 3, "image1": "item/images/zolazola_1.jpg", "image2": "", "image3": "", "thickness": 4, "dimensions_type": "other", "diminsions": null, "dimensions_info": "bale 22 circle....no. 4.....50cm * 2m .......1lamera\r\n                                     25cm * 2m ......1 lamera\r\nunique......50cm * 2m.......2lamera", "dimensions_image": "", "client": 4, "priority": "S", "remark": "no", "quantity": 1, "verif_price": "A", "verif_design": "A", "price": 2650, "dxf_file": "item/DXF/zola/ZOLA_bale_22_circle_25_full.dxf", "date": "2025-03-07T22:50:15.554", "completed": true, "start": "2025-03-07T06:14:59", "finish": "2025-03-07T06:21:58", "type": "DR", "subclassed": true}}, {"model": "store.item", "pk": "MA07ZO001B", "fields": {"user": 3, "image1": "item/images/zolazola_1.jpg", "image2": "", "image3": "", "thickness": 4, "dimensions_type": "other", "diminsions": null, "dimensions_info": "bale 22 circle....no. 4.....50cm * 2m .......1lamera\r\n                                     25cm * 2m ......1 lamera\r\nunique......50cm * 2m.......2lamera", "dimensions_image": "", "client": 4, "priority": "S", "remark": "no", "quantity": 2, "verif_price": "A", "verif_design": "A", "price": 2650, "dxf_file": "item/DXF/zola/zola__unique_pattern_50_88lTMQP.dxf", "date": "2025-03-07T07:03:08.810", "completed": true, "start": "2025-03-07T06:42:49.553", "finish": "2025-03-07T07:03:08.778", "type": "DR", "subclassed": true}}, {"model": "store.item", "pk": "MA08AL001", "fields": {"user": 3, "image1": "item/images/Alebe_Customer_mehamedalebe_cust_5PMlFFm.jpg", "image2": "", "image3": "", "thickness": 8, "dimensions_type": "other", "diminsions": null, "dimensions_info": "84cm *30cm and nur be nur....186cm *30cm", "dimensions_image": "", "client": 8, "priority": "H", "remark": "no", "quantity": 0, "verif_price": "A", "verif_design": "A", "price": 1, "dxf_file": "item/DXF/Alebe Customer (mehamed)/alebe_forest_1AND_NUR_BE_NUR_OcSMtM0.dxf", "date": "2025-03-08T01:43:15.272", "completed": true, "start": "2025-03-08T01:14:20.142", "finish": "2025-03-08T01:43:15.240", "type": "DR", "subclassed": false}}, {"model": "store.item", "pk": "MA08AS001", "fields": {"user": 3, "image1": "item/images/Ashenafi_waleas.jpg", "image2": "", "image3": "", "thickness": 4, "dimensions_type": "rectangular", "diminsions": "{\"type\": \"rectangular\", \"width\": \"25\", \"length\": \"200\"}", "dimensions_info": null, "dimensions_image": "", "client": 3, "priority": "S", "remark": "no", "quantity": 1, "verif_price": "A", "verif_design": "A", "price": 1, "dxf_file": "item/DXF/Ashenafi wale/ASHU_STAR_LIKE_MESKEL_25.dxf", "date": "2025-03-08T04:30:56.988", "completed": false, "start": "2025-03-08T04:30:56.957", "finish": null, "type": "DR", "subclassed": false}}, {"model": "store.item", "pk": "MA08GE001", "fields": {"user": 3, "image1": "item/images/Getu_chidterak.jpg", "image2": "", "image3": "", "thickness": 7, "dimensions_type": "other", "diminsions": null, "dimensions_info": "1m *570cm be oversize new yemiseral", "dimensions_image": "", "client": 6, "priority": "S", "remark": "30cm aykoretm andejnaw oversize lay yikeral", "quantity": 1, "verif_price": "A", "verif_design": "A", "price": 1, "dxf_file": "item/DXF/Getu chidtera/getu_hotel_1.dxf", "date": "2025-03-11T00:30:26.879", "completed": false, "start": "2025-03-11T00:30:26.848", "finish": null, "type": "OT", "subclassed": false}}, {"model": "store.item", "pk": "MA08GE001A", "fields": {"user": 3, "image1": "item/images/Getu_chidterak.jpg", "image2": "", "image3": "", "thickness": 7, "dimensions_type": "other", "diminsions": null, "dimensions_info": "1m *570cm be oversize new yemiseral", "dimensions_image": "", "client": 6, "priority": "S", "remark": "30cm aykoretm andejnaw oversize lay yikeral", "quantity": 1, "verif_price": "A", "verif_design": "A", "price": 1, "dxf_file": "item/DXF/Getu chidtera/getu_hotel_2.dxf", "date": "2025-03-11T00:09:32.667", "completed": false, "start": null, "finish": null, "type": "OT", "subclassed": true}}, {"model": "store.item", "pk": "MA08GE002", "fields": {"user": 3, "image1": "item/images/Getu_chidtera2.jpg", "image2": "", "image3": "", "thickness": 6, "dimensions_type": "other", "diminsions": null, "dimensions_info": "1m *2m....2 lamera mirror hono", "dimensions_image": "", "client": 6, "priority": "S", "remark": "mirror hono", "quantity": 1, "verif_price": "A", "verif_design": "A", "price": 3650, "dxf_file": "item/DXF/Getu chidtera/getu_eliptica_full.dxf", "date": "2025-03-08T12:25:00.353", "completed": true, "start": "2025-03-08T12:21:34.449", "finish": "2025-03-08T12:25:00.321", "type": "DR", "subclassed": false}}, {"model": "store.item", "pk": "MA08GE002A", "fields": {"user": 3, "image1": "item/images/Getu_chidtera2.jpg", "image2": "", "image3": "", "thickness": 6, "dimensions_type": "other", "diminsions": null, "dimensions_info": "1m *2m....2 lamera mirror hono", "dimensions_image": "", "client": 6, "priority": "S", "remark": "mirror hono", "quantity": 1, "verif_price": "A", "verif_design": "A", "price": 3650, "dxf_file": "item/DXF/Getu chidtera/getu_eliptica_mirror.dxf", "date": "2025-03-08T12:21:08.923", "completed": true, "start": "2025-03-08T12:17:20.442", "finish": "2025-03-08T12:21:08.876", "type": "DR", "subclassed": true}}, {"model": "store.item", "pk": "MA08GE003", "fields": {"user": 3, "image1": "item/images/Getu_chidterai_vbO0W4H.jpg", "image2": "", "image3": "", "thickness": 8, "dimensions_type": "rectangular", "diminsions": "{\"type\": \"rectangular\", \"width\": \"60\", \"length\": \"160\"}", "dimensions_info": null, "dimensions_image": "", "client": 6, "priority": "S", "remark": "scrapun yiwesdewal", "quantity": 1, "verif_price": "A", "verif_design": "A", "price": 4700, "dxf_file": "item/DXF/Getu chidtera/getu_abune_hara_dingle.dxf", "date": "2025-03-08T11:35:24.416", "completed": true, "start": "2025-03-08T11:19:10.927", "finish": "2025-03-08T11:35:24.384", "type": "DR", "subclassed": false}}, {"model": "store.item", "pk": "MA08GE004", "fields": {"user": 3, "image1": "item/images/Getu_chidteral_snDcRsy.jpg", "image2": "", "image3": "", "thickness": 8, "dimensions_type": "rectangular", "diminsions": "{\"type\": \"rectangular\", \"width\": \"60\", \"length\": \"160\"}", "dimensions_info": null, "dimensions_image": "", "client": 6, "priority": "S", "remark": "scrapun yiwesdewal", "quantity": 1, "verif_price": "A", "verif_design": "A", "price": 4700, "dxf_file": "item/DXF/Getu chidtera/getu_kidus_michael.dxf", "date": "2025-03-08T11:15:18.122", "completed": true, "start": "2025-03-08T11:02:04.033", "finish": "2025-03-08T11:15:18.090", "type": "DR", "subclassed": false}}, {"model": "store.item", "pk": "MA08GE005", "fields": {"user": 3, "image1": "item/images/Getu_chidterazola_1.jpg", "image2": "", "image3": "", "thickness": 5, "dimensions_type": "other", "diminsions": null, "dimensions_info": "unique pattern 50cm * 2m", "dimensions_image": "", "client": 6, "priority": "S", "remark": "no", "quantity": 4, "verif_price": "A", "verif_design": "A", "price": 2600, "dxf_file": "item/DXF/zola/zola__unique_pattern_50_88lTMQP.dxf", "date": "2025-03-08T13:52:22.028", "completed": true, "start": "2025-03-08T12:25:18.541", "finish": "2025-03-08T13:52:21.997", "type": "DR", "subclassed": false}}, {"model": "store.item", "pk": "MA08GE006", "fields": {"user": 3, "image1": "item/images/Getu_chidtera1_mL9Of2L.jpg", "image2": "", "image3": "", "thickness": 6, "dimensions_type": "other", "diminsions": null, "dimensions_info": "ye darun 29cm*2m.....4pcs\r\nye laygnawn 29cm *2m.....2pcs", "dimensions_image": "", "client": 6, "priority": "S", "remark": "scrapu lay 10cm *2m s like zig", "quantity": 1, "verif_price": "A", "verif_design": "A", "price": 1, "dxf_file": "item/DXF/Getu chidtera/GETU_3D_29.dxf", "date": "2025-03-08T10:57:16.197", "completed": true, "start": "2025-03-08T10:36:47.531", "finish": "2025-03-08T10:57:16.166", "type": "DR", "subclassed": false}}, {"model": "store.item", "pk": "MA08GE006A", "fields": {"user": 3, "image1": "item/images/Getu_chidtera1_mL9Of2L.jpg", "image2": "", "image3": "", "thickness": 6, "dimensions_type": "other", "diminsions": null, "dimensions_info": "ye darun 29cm*2m.....4pcs\r\nye laygnawn 29cm *2m.....2pcs", "dimensions_image": "", "client": 6, "priority": "S", "remark": "scrapu lay 10cm *2m s like zig", "quantity": 1, "verif_price": "A", "verif_design": "A", "price": 1, "dxf_file": "item/DXF/Getu chidtera/getu_self_star_29.dxf", "date": "2025-03-08T10:29:35.034", "completed": true, "start": "2025-03-08T10:11:03.393", "finish": "2025-03-08T10:29:35.002", "type": "DR", "subclassed": true}}, {"model": "store.item", "pk": "MA08KA004", "fields": {"user": 3, "image1": "item/images/kassaye_taxi4.jpg", "image2": "", "image3": "", "thickness": 6, "dimensions_type": "rectangular", "diminsions": "{\"type\": \"rectangular\", \"width\": \"10\", \"length\": \"200\"}", "dimensions_info": null, "dimensions_image": "", "client": 10, "priority": "S", "remark": "no", "quantity": 1, "verif_price": "A", "verif_design": "A", "price": 1, "dxf_file": "item/DXF/kassaye taxi/kasaye_munchirchir_10cm__be_2m.dxf", "date": "2025-03-08T05:24:18.485", "completed": true, "start": "2025-03-08T04:48:38.147", "finish": "2025-03-08T05:24:18.451", "type": "BL", "subclassed": false}}, {"model": "store.item", "pk": "MA08SE002", "fields": {"user": 3, "image1": "item/images/sebebi.jpg", "image2": "", "image3": "", "thickness": 7, "dimensions_type": "rectangular", "diminsions": "{\"type\": \"rectangular\", \"width\": \"33\", \"length\": \"200\"}", "dimensions_info": null, "dimensions_image": "", "client": 13, "priority": "S", "remark": "edit yetederege ale be 50 esun adrgew", "quantity": 1, "verif_price": "A", "verif_design": "A", "price": 3900, "dxf_file": "item/DXF/sebe/bisrat_diamond_33.dxf", "date": "2025-03-08T09:48:09.870", "completed": true, "start": "2025-03-08T09:40:44.988", "finish": "2025-03-08T09:48:09.838", "type": "DR", "subclassed": false}}, {"model": "store.item", "pk": "MA08ZO003", "fields": {"user": 3, "image1": "item/images/zola3.jpg", "image2": "", "image3": "", "thickness": 5, "dimensions_type": "rectangular", "diminsions": "{\"type\": \"rectangular\", \"width\": \"50\", \"length\": \"200\"}", "dimensions_info": null, "dimensions_image": "", "client": 4, "priority": "S", "remark": "no", "quantity": 10, "verif_price": "A", "verif_design": "A", "price": 2750, "dxf_file": "item/DXF/zola/zola_test_7_be_50.dxf", "date": "2025-03-08T09:37:24.898", "completed": true, "start": "2025-03-08T05:50:39.099", "finish": "2025-03-08T09:37:24.867", "type": "DR", "subclassed": false}}, {"model": "store.item", "pk": "MA10GE001", "fields": {"user": 3, "image1": "item/images/Getu_chidtera6.jpg", "image2": "", "image3": "", "thickness": 5, "dimensions_type": "rectangular", "diminsions": "{\"type\": \"rectangular\", \"width\": \"50\", \"length\": \"200\"}", "dimensions_info": null, "dimensions_image": "", "client": 6, "priority": "S", "remark": "no", "quantity": 1, "verif_price": "A", "verif_design": "A", "price": 1, "dxf_file": "item/DXF/Getu chidtera/getu_serez_50.dxf", "date": "2025-03-10T03:27:03.656", "completed": true, "start": "2025-03-10T03:23:18.369", "finish": "2025-03-10T03:27:03.609", "type": "DR", "subclassed": false}}, {"model": "store.item", "pk": "MA10GE002", "fields": {"user": 3, "image1": "item/images/Getu_chidterau_b6z1o4Q.jpg", "image2": "", "image3": "", "thickness": 8, "dimensions_type": "rectangular", "diminsions": "{\"type\": \"rectangular\", \"width\": \"60\", \"length\": \"160\"}", "dimensions_info": null, "dimensions_image": "", "client": 6, "priority": "S", "remark": "escrapun yiwesdewal", "quantity": 1, "verif_price": "A", "verif_design": "A", "price": 4700, "dxf_file": "item/DXF/Getu chidtera/getu_kidus_georgis_ueYmL4T.dxf", "date": "2025-03-10T03:17:46.737", "completed": true, "start": "2025-03-10T02:59:10.449", "finish": "2025-03-10T03:17:46.706", "type": "OT", "subclassed": false}}, {"model": "store.item", "pk": "MA10GE003", "fields": {"user": 3, "image1": "item/images/Getu_chidterab_foWwh2A.jpg", "image2": "", "image3": "", "thickness": 8, "dimensions_type": "rectangular", "diminsions": "{\"type\": \"rectangular\", \"width\": \"60\", \"length\": \"160\"}", "dimensions_info": null, "dimensions_image": "", "client": 6, "priority": "S", "remark": "scrapun yiwesdewal", "quantity": 1, "verif_price": "A", "verif_design": "A", "price": 4700, "dxf_file": "item/DXF/Getu chidtera/getu_kidus_gebrel_8zlMZU2.dxf", "date": "2025-03-10T02:59:53.469", "completed": true, "start": "2025-03-10T02:59:52.578", "finish": "2025-03-10T02:59:53.391", "type": "DR", "subclassed": false}}, {"model": "store.item", "pk": "MA10NA006", "fields": {"user": 3, "image1": "item/images/Nahom_stock123456.jpg", "image2": "", "image3": "", "thickness": 5, "dimensions_type": "rectangular", "diminsions": "{\"type\": \"rectangular\", \"width\": \"12\", \"length\": \"100\"}", "dimensions_info": null, "dimensions_image": "", "client": 12, "priority": "S", "remark": "no", "quantity": 6, "verif_price": "A", "verif_design": "A", "price": 1, "dxf_file": "item/DXF/Nahom stock/nahom_bale_gutu_12_zigzag_full.dxf", "date": "2025-03-10T08:33:38.481", "completed": true, "start": "2025-03-10T06:21:00.260", "finish": "2025-03-10T08:33:38.450", "type": "BL", "subclassed": false}}, {"model": "store.item", "pk": "MA10NA007", "fields": {"user": 3, "image1": "item/images/Nahom_stock34.jpg", "image2": "", "image3": "", "thickness": 4, "dimensions_type": "rectangular", "diminsions": "{\"type\": \"rectangular\", \"width\": \"25\", \"length\": \"200\"}", "dimensions_info": null, "dimensions_image": "", "client": 12, "priority": "S", "remark": "no", "quantity": 2, "verif_price": "A", "verif_design": "A", "price": 2600, "dxf_file": "item/DXF/Nahom stock/zola_tor_star_25.dxf", "date": "2025-03-11T00:43:57.638", "completed": true, "start": "2025-03-10T11:59:22.261", "finish": "2025-03-11T00:43:57.607", "type": "DR", "subclassed": false}}, {"model": "store.item", "pk": "MA10ZO002", "fields": {"user": 3, "image1": "item/images/zola234.jpg", "image2": "", "image3": "", "thickness": 4, "dimensions_type": "rectangular", "diminsions": "{\"type\": \"rectangular\", \"width\": \"25\", \"length\": \"200\"}", "dimensions_info": null, "dimensions_image": "", "client": 4, "priority": "S", "remark": "no", "quantity": 1, "verif_price": "A", "verif_design": "A", "price": 1, "dxf_file": "item/DXF/zola/ZOLA_KOKEB_25.dxf", "date": "2025-03-10T04:54:16.409", "completed": true, "start": "2025-03-10T04:44:47.190", "finish": "2025-03-10T04:54:16.378", "type": "DR", "subclassed": false}}, {"model": "store.item", "pk": "MA10ZO003", "fields": {"user": 3, "image1": "item/images/zola1235.jpg", "image2": "", "image3": "", "thickness": 4, "dimensions_type": "rectangular", "diminsions": "{\"type\": \"rectangular\", \"width\": \"25\", \"length\": \"200\"}", "dimensions_info": null, "dimensions_image": "", "client": 4, "priority": "S", "remark": "no", "quantity": 1, "verif_price": "A", "verif_design": "A", "price": 2600, "dxf_file": "item/DXF/zola/ZOLA_TRTR_25.dxf", "date": "2025-03-10T10:31:35.054", "completed": true, "start": "2025-03-10T10:30:45.290", "finish": "2025-03-10T10:31:35.022", "type": "DR", "subclassed": false}}, {"model": "store.item", "pk": "MA10ZO004", "fields": {"user": 3, "image1": "item/images/zola67.jpg", "image2": "", "image3": "", "thickness": 4, "dimensions_type": "rectangular", "diminsions": "{\"type\": \"rectangular\", \"width\": \"50\", \"length\": \"200\"}", "dimensions_info": null, "dimensions_image": "", "client": 4, "priority": "S", "remark": "no", "quantity": 3, "verif_price": "A", "verif_design": "A", "price": 2600, "dxf_file": "item/DXF/zola/zola_circle_star_50_j4flxIn.dxf", "date": "2025-03-11T00:34:35.295", "completed": false, "start": null, "finish": null, "type": "DR", "subclassed": false}}, {"model": "store.item", "pk": "MA10ZO005", "fields": {"user": 3, "image1": "item/images/zola12_OVo0oOH.jpg", "image2": "", "image3": "", "thickness": 4, "dimensions_type": "rectangular", "diminsions": "{\"type\": \"rectangular\", \"width\": \"30\", \"length\": \"200\"}", "dimensions_info": null, "dimensions_image": "", "client": 4, "priority": "S", "remark": "scrapu lay 10cm be 2m s like yisera", "quantity": 2, "verif_price": "A", "verif_design": "A", "price": 2600, "dxf_file": "item/DXF/zola/ZOLA_x_and_o_30.dxf", "date": "2025-03-10T08:39:20.394", "completed": true, "start": "2025-03-10T08:37:48.933", "finish": "2025-03-10T08:39:20.363", "type": "BL", "subclassed": false}}, {"model": "store.item", "pk": "MA11ZO001", "fields": {"user": 4, "image1": "item/images/zolaphoto_2025-03-10_14-55-21_2.jpg", "image2": "", "image3": "", "thickness": 4, "dimensions_type": "rectangular", "diminsions": "{\"type\": \"rectangular\", \"width\": \"50\", \"length\": \"200\"}", "dimensions_info": null, "dimensions_image": "", "client": 4, "priority": "S", "remark": "NO", "quantity": 1, "verif_price": "A", "verif_design": "A", "price": 1, "dxf_file": "item/DXF/zola/zola_long_flower_50.dxf", "date": "2025-03-11T00:40:09.261", "completed": true, "start": "2025-03-11T00:40:07.431", "finish": "2025-03-11T00:40:09.230", "type": "DR", "subclassed": false}}, {"model": "store.item", "pk": "MA11ZO002", "fields": {"user": 4, "image1": "item/images/zolaphoto_2025-03-10_14-58-27_nNxJyRG.jpg", "image2": "", "image3": "", "thickness": 4, "dimensions_type": "rectangular", "diminsions": "{\"type\": \"rectangular\", \"width\": \"25\", \"length\": \"200\"}", "dimensions_info": null, "dimensions_image": "", "client": 4, "priority": "H", "remark": "NO", "quantity": 1, "verif_price": "A", "verif_design": "A", "price": 1, "dxf_file": "item/DXF/zola/zola_half_tor_25_j6m2nWS.dxf", "date": "2025-03-11T00:45:14.138", "completed": false, "start": null, "finish": null, "type": "DR", "subclassed": false}}, {"model": "store.userprint", "pk": 6, "fields": {"item": "MA07ZO001", "user": 19, "date": "2025-03-07T04:08:06.128", "comment": "designer_change_add"}}, {"model": "store.userprint", "pk": 7, "fields": {"item": "MA07KA002", "user": 19, "date": "2025-03-07T04:12:10.116", "comment": "designer_change_add"}}, {"model": "store.userprint", "pk": 8, "fields": {"item": "MA07ZO001", "user": 19, "date": "2025-03-07T04:17:55.733", "comment": "designer_change_add"}}, {"model": "store.userprint", "pk": 9, "fields": {"item": "MA07ZO001", "user": 16, "date": "2025-03-07T04:26:33.895", "comment": ""}}, {"model": "store.userprint", "pk": 10, "fields": {"item": "MA07ZO001B", "user": 19, "date": "2025-03-07T04:34:24.219", "comment": "designer_change_add"}}, {"model": "store.userprint", "pk": 11, "fields": {"item": "MA07ZO001A", "user": 19, "date": "2025-03-07T04:35:44.770", "comment": "designer_change_add"}}, {"model": "store.userprint", "pk": 12, "fields": {"item": "MA07ZO001B", "user": 16, "date": "2025-03-07T04:38:26.155", "comment": ""}}, {"model": "store.userprint", "pk": 13, "fields": {"item": "MA07ZO001A", "user": 16, "date": "2025-03-07T04:38:31.373", "comment": ""}}, {"model": "store.userprint", "pk": 14, "fields": {"item": "MA07SH001", "user": 19, "date": "2025-03-07T04:50:02.786", "comment": "designer_change_add"}}, {"model": "store.userprint", "pk": 15, "fields": {"item": "MA07KA002", "user": 19, "date": "2025-03-07T04:52:45.044", "comment": "designer_change_add"}}, {"model": "store.userprint", "pk": 16, "fields": {"item": "MA07AS001", "user": 19, "date": "2025-03-07T04:59:48.076", "comment": "designer_change_add"}}, {"model": "store.userprint", "pk": 17, "fields": {"item": "MA07AL003", "user": 19, "date": "2025-03-07T05:31:02.496", "comment": "designer_change_add"}}, {"model": "store.userprint", "pk": 18, "fields": {"item": "MA07SH001", "user": 16, "date": "2025-03-07T05:37:23.810", "comment": ""}}, {"model": "store.userprint", "pk": 19, "fields": {"item": "MA07KA002", "user": 16, "date": "2025-03-07T05:37:32.068", "comment": ""}}, {"model": "store.userprint", "pk": 20, "fields": {"item": "MA07AS001", "user": 16, "date": "2025-03-07T05:37:48.779", "comment": ""}}, {"model": "store.userprint", "pk": 21, "fields": {"item": "MA07ZO001", "user": 11, "date": "2025-03-07T05:38:28.293", "comment": "operator_started_task"}}, {"model": "store.userprint", "pk": 22, "fields": {"item": "MA07ZO001", "user": 11, "date": "2025-03-07T05:38:32.805", "comment": "operator_finished_task"}}, {"model": "store.userprint", "pk": 23, "fields": {"item": "MA07ZO001B", "user": 11, "date": "2025-03-07T05:38:53.131", "comment": "operator_started_task"}}, {"model": "store.userprint", "pk": 24, "fields": {"item": "MA07ZO001B", "user": 11, "date": "2025-03-07T05:38:56.974", "comment": "operator_finished_task"}}, {"model": "store.userprint", "pk": 25, "fields": {"item": "MA07AL003", "user": 16, "date": "2025-03-07T05:39:45.965", "comment": ""}}, {"model": "store.userprint", "pk": 26, "fields": {"item": "MA07AS002", "user": 19, "date": "2025-03-07T05:44:32.968", "comment": "designer_change_add"}}, {"model": "store.userprint", "pk": 27, "fields": {"item": "MA07AS002", "user": 19, "date": "2025-03-07T05:46:44.957", "comment": "designer_change_add"}}, {"model": "store.userprint", "pk": 28, "fields": {"item": "MA07AS002", "user": 16, "date": "2025-03-07T05:50:26.639", "comment": ""}}, {"model": "store.userprint", "pk": 29, "fields": {"item": "MA07AB003", "user": 19, "date": "2025-03-07T05:52:31.656", "comment": "designer_change_add"}}, {"model": "store.userprint", "pk": 30, "fields": {"item": "MA07AB003", "user": 6, "date": "2025-03-07T06:12:31.859", "comment": "designer_change_add"}}, {"model": "store.userprint", "pk": 31, "fields": {"item": "MA07AB003", "user": 16, "date": "2025-03-07T06:13:51.174", "comment": ""}}, {"model": "store.userprint", "pk": 32, "fields": {"item": "MA07ZO001A", "user": 11, "date": "2025-03-07T06:14:59.717", "comment": "operator_started_task"}}, {"model": "store.userprint", "pk": 33, "fields": {"item": "MA07ZO001A", "user": 11, "date": "2025-03-07T06:21:58.069", "comment": "operator_finished_task"}}, {"model": "store.userprint", "pk": 34, "fields": {"item": "MA07ZO001", "user": 11, "date": "2025-03-07T06:28:45.106", "comment": "operator_started_task"}}, {"model": "store.userprint", "pk": 35, "fields": {"item": "MA07ZO001", "user": 11, "date": "2025-03-07T06:41:04.655", "comment": "operator_finished_task"}}, {"model": "store.userprint", "pk": 36, "fields": {"item": "MA07ZO001B", "user": 11, "date": "2025-03-07T06:42:49.553", "comment": "operator_started_task"}}, {"model": "store.userprint", "pk": 37, "fields": {"item": "MA07ZO001B", "user": 11, "date": "2025-03-07T07:03:08.778", "comment": "operator_finished_task"}}, {"model": "store.userprint", "pk": 38, "fields": {"item": "MA07SH001", "user": 11, "date": "2025-03-07T07:23:35.959", "comment": "operator_started_task"}}, {"model": "store.userprint", "pk": 39, "fields": {"item": "MA07SH001", "user": 11, "date": "2025-03-07T07:23:39.612", "comment": "operator_finished_task"}}, {"model": "store.userprint", "pk": 40, "fields": {"item": "MA07AS001", "user": 11, "date": "2025-03-07T08:35:07.289", "comment": "operator_started_task"}}, {"model": "store.userprint", "pk": 41, "fields": {"item": "MA07AS001", "user": 11, "date": "2025-03-07T08:50:30.564", "comment": "operator_finished_task"}}, {"model": "store.userprint", "pk": 42, "fields": {"item": "MA07AS002", "user": 11, "date": "2025-03-07T08:53:33.093", "comment": "operator_started_task"}}, {"model": "store.userprint", "pk": 43, "fields": {"item": "MA07AS002", "user": 11, "date": "2025-03-07T09:11:48.656", "comment": "operator_finished_task"}}, {"model": "store.userprint", "pk": 44, "fields": {"item": "MA07KA002", "user": 11, "date": "2025-03-07T09:26:33.252", "comment": "operator_started_task"}}, {"model": "store.userprint", "pk": 45, "fields": {"item": "MA07KA002", "user": 11, "date": "2025-03-07T09:28:14.999", "comment": "operator_finished_task"}}, {"model": "store.userprint", "pk": 46, "fields": {"item": "MA07AB003", "user": 10, "date": "2025-03-07T09:33:24.915", "comment": "operator_started_task"}}, {"model": "store.userprint", "pk": 47, "fields": {"item": "MA07AB003", "user": 11, "date": "2025-03-07T21:44:24.141", "comment": "operator_finished_task"}}, {"model": "store.userprint", "pk": 48, "fields": {"item": "MA07YO004", "user": 6, "date": "2025-03-07T22:21:27.769", "comment": "designer_change_add"}}, {"model": "store.userprint", "pk": 49, "fields": {"item": "MA07YO004", "user": 16, "date": "2025-03-07T22:22:24.818", "comment": ""}}, {"model": "store.userprint", "pk": 50, "fields": {"item": "MA07YO004", "user": 12, "date": "2025-03-07T22:23:36.661", "comment": "operator_started_task"}}, {"model": "store.userprint", "pk": 51, "fields": {"item": "MA07NA005", "user": 6, "date": "2025-03-07T22:46:37.736", "comment": "designer_change_add"}}, {"model": "store.userprint", "pk": 52, "fields": {"item": "MA07NA005", "user": 16, "date": "2025-03-07T22:47:16.610", "comment": ""}}, {"model": "store.userprint", "pk": 53, "fields": {"item": "MA07YO004", "user": 12, "date": "2025-03-07T22:53:46.219", "comment": "operator_finished_task"}}, {"model": "store.userprint", "pk": 54, "fields": {"item": "MA07NA005", "user": 12, "date": "2025-03-07T22:58:37.248", "comment": "operator_started_task"}}, {"model": "store.userprint", "pk": 55, "fields": {"item": "MA07AL003", "user": 19, "date": "2025-03-08T00:02:20.243", "comment": "designer_change_add"}}, {"model": "store.userprint", "pk": 56, "fields": {"item": "MA07AL003", "user": 19, "date": "2025-03-08T00:08:20.095", "comment": "designer_change_add"}}, {"model": "store.userprint", "pk": 57, "fields": {"item": "MA07AL003", "user": 19, "date": "2025-03-08T00:14:40.139", "comment": "designer_change_add"}}, {"model": "store.userprint", "pk": 58, "fields": {"item": "MA07NA005", "user": 12, "date": "2025-03-08T00:19:44.778", "comment": "operator_finished_task"}}, {"model": "store.userprint", "pk": 59, "fields": {"item": "MA07AL003A", "user": 19, "date": "2025-03-08T00:21:43.142", "comment": "designer_change_add"}}, {"model": "store.userprint", "pk": 60, "fields": {"item": "MA07AL003", "user": 19, "date": "2025-03-08T00:22:02.392", "comment": "designer_change_add"}}, {"model": "store.userprint", "pk": 61, "fields": {"item": "MA07AL003A", "user": 16, "date": "2025-03-08T00:24:30.911", "comment": ""}}, {"model": "store.userprint", "pk": 62, "fields": {"item": "MA07AL003", "user": 16, "date": "2025-03-08T00:24:34.335", "comment": ""}}, {"model": "store.userprint", "pk": 63, "fields": {"item": "MA07AL003A", "user": 12, "date": "2025-03-08T00:30:22.653", "comment": "operator_started_task"}}, {"model": "store.userprint", "pk": 64, "fields": {"item": "MA07AL003A", "user": 12, "date": "2025-03-08T00:47:24.271", "comment": "operator_finished_task"}}, {"model": "store.userprint", "pk": 65, "fields": {"item": "MA07AL003", "user": 12, "date": "2025-03-08T00:47:49.269", "comment": "operator_started_task"}}, {"model": "store.userprint", "pk": 66, "fields": {"item": "MA07AL003", "user": 12, "date": "2025-03-08T01:06:42.005", "comment": "operator_finished_task"}}, {"model": "store.userprint", "pk": 67, "fields": {"item": "MA08AL001", "user": 19, "date": "2025-03-08T01:09:34.802", "comment": "designer_change_add"}}, {"model": "store.userprint", "pk": 68, "fields": {"item": "MA08AL001", "user": 16, "date": "2025-03-08T01:10:37.896", "comment": ""}}, {"model": "store.userprint", "pk": 69, "fields": {"item": "MA08AL001", "user": 12, "date": "2025-03-08T01:14:20.142", "comment": "operator_started_task"}}, {"model": "store.userprint", "pk": 70, "fields": {"item": "MA08SE002", "user": 19, "date": "2025-03-08T01:40:44.817", "comment": "designer_change_add"}}, {"model": "store.userprint", "pk": 71, "fields": {"item": "MA08GE002", "user": 6, "date": "2025-03-08T01:42:56.026", "comment": "designer_change_add"}}, {"model": "store.userprint", "pk": 72, "fields": {"item": "MA08AL001", "user": 12, "date": "2025-03-08T01:43:15.241", "comment": "operator_finished_task"}}, {"model": "store.userprint", "pk": 73, "fields": {"item": "MA08GE002", "user": 16, "date": "2025-03-08T01:44:34.263", "comment": ""}}, {"model": "store.userprint", "pk": 74, "fields": {"item": "MA08SE002", "user": 16, "date": "2025-03-08T01:44:41.431", "comment": ""}}, {"model": "store.userprint", "pk": 75, "fields": {"item": "MA08GE002", "user": 12, "date": "2025-03-08T01:48:10.181", "comment": "operator_started_task"}}, {"model": "store.userprint", "pk": 76, "fields": {"item": "MA08GE006", "user": 19, "date": "2025-03-08T01:59:03.138", "comment": "designer_change_add"}}, {"model": "store.userprint", "pk": 77, "fields": {"item": "MA08GE002", "user": 12, "date": "2025-03-08T02:04:14.302", "comment": "operator_finished_task"}}, {"model": "store.userprint", "pk": 78, "fields": {"item": "MA08GE006A", "user": 20, "date": "2025-03-08T02:12:38.212", "comment": ""}}, {"model": "store.userprint", "pk": 79, "fields": {"item": "MA08GE006", "user": 20, "date": "2025-03-08T02:12:42.877", "comment": ""}}, {"model": "store.userprint", "pk": 80, "fields": {"item": "MA08AS001", "user": 19, "date": "2025-03-08T03:51:05.717", "comment": "designer_change_add"}}, {"model": "store.userprint", "pk": 81, "fields": {"item": "MA08AS001", "user": 20, "date": "2025-03-08T03:57:44.668", "comment": ""}}, {"model": "store.userprint", "pk": 82, "fields": {"item": "MA08ZO003", "user": 19, "date": "2025-03-08T04:26:16.273", "comment": "designer_change_add"}}, {"model": "store.userprint", "pk": 83, "fields": {"item": "MA08ZO003", "user": 16, "date": "2025-03-08T04:29:57.979", "comment": ""}}, {"model": "store.userprint", "pk": 84, "fields": {"item": "MA08AS001", "user": 12, "date": "2025-03-08T04:30:56.957", "comment": "operator_started_task"}}, {"model": "store.userprint", "pk": 85, "fields": {"item": "MA08GE003", "user": 6, "date": "2025-03-08T04:37:29.414", "comment": "designer_change_add"}}, {"model": "store.userprint", "pk": 86, "fields": {"item": "MA08GE004", "user": 6, "date": "2025-03-08T04:38:18.963", "comment": "designer_change_add"}}, {"model": "store.userprint", "pk": 87, "fields": {"item": "MA08GE005", "user": 6, "date": "2025-03-08T04:38:44.988", "comment": "designer_change_add"}}, {"model": "store.userprint", "pk": 88, "fields": {"item": "MA08GE005", "user": 16, "date": "2025-03-08T04:40:44.409", "comment": ""}}, {"model": "store.userprint", "pk": 89, "fields": {"item": "MA08KA004", "user": 19, "date": "2025-03-08T04:40:50.330", "comment": "designer_change_add"}}, {"model": "store.userprint", "pk": 90, "fields": {"item": "MA08GE003", "user": 16, "date": "2025-03-08T04:40:51.600", "comment": ""}}, {"model": "store.userprint", "pk": 91, "fields": {"item": "MA08GE004", "user": 16, "date": "2025-03-08T04:40:57.553", "comment": ""}}, {"model": "store.userprint", "pk": 92, "fields": {"item": "MA08KA004", "user": 20, "date": "2025-03-08T04:42:33.227", "comment": ""}}, {"model": "store.userprint", "pk": 93, "fields": {"item": "MA08KA004", "user": 12, "date": "2025-03-08T04:48:38.147", "comment": "operator_started_task"}}, {"model": "store.userprint", "pk": 94, "fields": {"item": "MA08GE002", "user": 19, "date": "2025-03-08T04:58:34.832", "comment": "designer_change_add"}}, {"model": "store.userprint", "pk": 95, "fields": {"item": "MA08GE002", "user": 16, "date": "2025-03-08T05:04:45.851", "comment": ""}}, {"model": "store.userprint", "pk": 96, "fields": {"item": "MA08GE002A", "user": 16, "date": "2025-03-08T05:04:50.979", "comment": ""}}, {"model": "store.userprint", "pk": 97, "fields": {"item": "MA08KA004", "user": 15, "date": "2025-03-08T05:24:18.451", "comment": "operator_finished_task"}}, {"model": "store.userprint", "pk": 98, "fields": {"item": "MA08GE005", "user": 6, "date": "2025-03-08T05:27:14.947", "comment": "designer_change_add"}}, {"model": "store.userprint", "pk": 99, "fields": {"item": "MA08GE005", "user": 16, "date": "2025-03-08T05:28:05.418", "comment": ""}}, {"model": "store.userprint", "pk": 100, "fields": {"item": "MA08ZO003", "user": 12, "date": "2025-03-08T05:50:39.099", "comment": "operator_started_task"}}, {"model": "store.userprint", "pk": 101, "fields": {"item": "MA08ZO003", "user": 12, "date": "2025-03-08T09:37:24.867", "comment": "operator_finished_task"}}, {"model": "store.userprint", "pk": 102, "fields": {"item": "MA08SE002", "user": 12, "date": "2025-03-08T09:40:44.988", "comment": "operator_started_task"}}, {"model": "store.userprint", "pk": 103, "fields": {"item": "MA08SE002", "user": 12, "date": "2025-03-08T09:48:09.838", "comment": "operator_finished_task"}}, {"model": "store.userprint", "pk": 104, "fields": {"item": "MA08GE006A", "user": 12, "date": "2025-03-08T10:11:03.393", "comment": "operator_started_task"}}, {"model": "store.userprint", "pk": 105, "fields": {"item": "MA08GE006A", "user": 12, "date": "2025-03-08T10:29:35.002", "comment": "operator_finished_task"}}, {"model": "store.userprint", "pk": 106, "fields": {"item": "MA08GE006", "user": 12, "date": "2025-03-08T10:36:47.531", "comment": "operator_started_task"}}, {"model": "store.userprint", "pk": 107, "fields": {"item": "MA08GE006", "user": 12, "date": "2025-03-08T10:57:16.166", "comment": "operator_finished_task"}}, {"model": "store.userprint", "pk": 108, "fields": {"item": "MA08GE004", "user": 12, "date": "2025-03-08T11:02:04.033", "comment": "operator_started_task"}}, {"model": "store.userprint", "pk": 109, "fields": {"item": "MA08GE004", "user": 12, "date": "2025-03-08T11:15:18.090", "comment": "operator_finished_task"}}, {"model": "store.userprint", "pk": 110, "fields": {"item": "MA08GE003", "user": 12, "date": "2025-03-08T11:19:10.927", "comment": "operator_started_task"}}, {"model": "store.userprint", "pk": 111, "fields": {"item": "MA08GE003", "user": 12, "date": "2025-03-08T11:35:24.384", "comment": "operator_finished_task"}}, {"model": "store.userprint", "pk": 112, "fields": {"item": "MA08GE002A", "user": 12, "date": "2025-03-08T12:17:20.442", "comment": "operator_started_task"}}, {"model": "store.userprint", "pk": 113, "fields": {"item": "MA08GE002A", "user": 12, "date": "2025-03-08T12:21:08.876", "comment": "operator_finished_task"}}, {"model": "store.userprint", "pk": 114, "fields": {"item": "MA08GE002", "user": 12, "date": "2025-03-08T12:21:34.449", "comment": "operator_started_task"}}, {"model": "store.userprint", "pk": 115, "fields": {"item": "MA08GE002", "user": 12, "date": "2025-03-08T12:25:00.321", "comment": "operator_finished_task"}}, {"model": "store.userprint", "pk": 116, "fields": {"item": "MA08GE005", "user": 12, "date": "2025-03-08T12:25:18.541", "comment": "operator_started_task"}}, {"model": "store.userprint", "pk": 117, "fields": {"item": "MA08GE005", "user": 12, "date": "2025-03-08T13:52:21.997", "comment": "operator_finished_task"}}, {"model": "store.userprint", "pk": 118, "fields": {"item": "MA10GE003", "user": 6, "date": "2025-03-10T02:56:34.317", "comment": "designer_change_add"}}, {"model": "store.userprint", "pk": 119, "fields": {"item": "MA10GE002", "user": 6, "date": "2025-03-10T02:56:54.786", "comment": "designer_change_add"}}, {"model": "store.userprint", "pk": 120, "fields": {"item": "MA10GE003", "user": 16, "date": "2025-03-10T02:57:59.018", "comment": ""}}, {"model": "store.userprint", "pk": 121, "fields": {"item": "MA10GE002", "user": 16, "date": "2025-03-10T02:58:04.507", "comment": ""}}, {"model": "store.userprint", "pk": 122, "fields": {"item": "MA10GE002", "user": 12, "date": "2025-03-10T02:59:10.449", "comment": "operator_started_task"}}, {"model": "store.userprint", "pk": 123, "fields": {"item": "MA10GE003", "user": 12, "date": "2025-03-10T02:59:52.578", "comment": "operator_started_task"}}, {"model": "store.userprint", "pk": 124, "fields": {"item": "MA10GE003", "user": 12, "date": "2025-03-10T02:59:53.391", "comment": "operator_finished_task"}}, {"model": "store.userprint", "pk": 125, "fields": {"item": "MA10GE001", "user": 19, "date": "2025-03-10T03:05:57.301", "comment": "designer_change_add"}}, {"model": "store.userprint", "pk": 126, "fields": {"item": "MA10GE001", "user": 16, "date": "2025-03-10T03:16:51.950", "comment": ""}}, {"model": "store.userprint", "pk": 127, "fields": {"item": "MA10GE002", "user": 12, "date": "2025-03-10T03:17:46.706", "comment": "operator_finished_task"}}, {"model": "store.userprint", "pk": 128, "fields": {"item": "MA10NA006", "user": 19, "date": "2025-03-10T03:22:53.198", "comment": "designer_change_add"}}, {"model": "store.userprint", "pk": 129, "fields": {"item": "MA10GE001", "user": 12, "date": "2025-03-10T03:23:18.369", "comment": "operator_started_task"}}, {"model": "store.userprint", "pk": 130, "fields": {"item": "MA10NA006", "user": 20, "date": "2025-03-10T03:24:03.602", "comment": ""}}, {"model": "store.userprint", "pk": 131, "fields": {"item": "MA10ZO002", "user": 19, "date": "2025-03-10T03:25:03.791", "comment": "designer_change_add"}}, {"model": "store.userprint", "pk": 132, "fields": {"item": "MA10ZO002", "user": 20, "date": "2025-03-10T03:25:53.979", "comment": ""}}, {"model": "store.userprint", "pk": 133, "fields": {"item": "MA10GE001", "user": 12, "date": "2025-03-10T03:27:03.609", "comment": "operator_finished_task"}}, {"model": "store.userprint", "pk": 134, "fields": {"item": "MA10ZO002", "user": 12, "date": "2025-03-10T04:44:47.190", "comment": "operator_started_task"}}, {"model": "store.userprint", "pk": 135, "fields": {"item": "MA10ZO002", "user": 12, "date": "2025-03-10T04:54:16.378", "comment": "operator_finished_task"}}, {"model": "store.userprint", "pk": 136, "fields": {"item": "MA10ZO005", "user": 19, "date": "2025-03-10T05:03:51.205", "comment": "designer_change_add"}}, {"model": "store.userprint", "pk": 137, "fields": {"item": "MA10ZO005", "user": 20, "date": "2025-03-10T05:04:40.075", "comment": ""}}, {"model": "store.userprint", "pk": 138, "fields": {"item": "MA10NA007", "user": 19, "date": "2025-03-10T05:15:36.143", "comment": "designer_change_add"}}, {"model": "store.userprint", "pk": 139, "fields": {"item": "MA10NA007", "user": 20, "date": "2025-03-10T05:16:41.129", "comment": ""}}, {"model": "store.userprint", "pk": 140, "fields": {"item": "MA10ZO003", "user": 19, "date": "2025-03-10T05:30:13.965", "comment": "designer_change_add"}}, {"model": "store.userprint", "pk": 141, "fields": {"item": "MA10ZO003", "user": 20, "date": "2025-03-10T05:31:08.586", "comment": ""}}, {"model": "store.userprint", "pk": 142, "fields": {"item": "MA10NA006", "user": 12, "date": "2025-03-10T06:21:00.260", "comment": "operator_started_task"}}, {"model": "store.userprint", "pk": 143, "fields": {"item": "MA10NA006", "user": 10, "date": "2025-03-10T08:33:38.450", "comment": "operator_finished_task"}}, {"model": "store.userprint", "pk": 144, "fields": {"item": "MA10ZO005", "user": 10, "date": "2025-03-10T08:37:44.284", "comment": "operator_started_task"}}, {"model": "store.userprint", "pk": 145, "fields": {"item": "MA10ZO005", "user": 10, "date": "2025-03-10T08:37:46.367", "comment": "operator_started_task"}}, {"model": "store.userprint", "pk": 146, "fields": {"item": "MA10ZO005", "user": 10, "date": "2025-03-10T08:37:47.117", "comment": "operator_started_task"}}, {"model": "store.userprint", "pk": 147, "fields": {"item": "MA10ZO005", "user": 10, "date": "2025-03-10T08:37:48.291", "comment": "operator_started_task"}}, {"model": "store.userprint", "pk": 148, "fields": {"item": "MA10ZO005", "user": 10, "date": "2025-03-10T08:37:48.933", "comment": "operator_started_task"}}, {"model": "store.userprint", "pk": 149, "fields": {"item": "MA10ZO005", "user": 10, "date": "2025-03-10T08:39:20.363", "comment": "operator_finished_task"}}, {"model": "store.userprint", "pk": 150, "fields": {"item": "MA10ZO003", "user": 10, "date": "2025-03-10T10:30:45.290", "comment": "operator_started_task"}}, {"model": "store.userprint", "pk": 151, "fields": {"item": "MA10ZO003", "user": 10, "date": "2025-03-10T10:31:35.022", "comment": "operator_finished_task"}}, {"model": "store.userprint", "pk": 152, "fields": {"item": "MA10NA007", "user": 10, "date": "2025-03-10T11:59:22.277", "comment": "operator_started_task"}}, {"model": "store.userprint", "pk": 153, "fields": {"item": "MA08GE001", "user": 6, "date": "2025-03-11T00:08:21.961", "comment": "designer_change_add"}}, {"model": "store.userprint", "pk": 154, "fields": {"item": "MA08GE001A", "user": 16, "date": "2025-03-11T00:09:06.520", "comment": ""}}, {"model": "store.userprint", "pk": 155, "fields": {"item": "MA08GE001", "user": 16, "date": "2025-03-11T00:09:09.656", "comment": ""}}, {"model": "store.userprint", "pk": 156, "fields": {"item": "MA11ZO001", "user": 19, "date": "2025-03-11T00:17:04.945", "comment": "designer_change_add"}}, {"model": "store.userprint", "pk": 157, "fields": {"item": "MA11ZO001", "user": 19, "date": "2025-03-11T00:18:54.579", "comment": "designer_change_add"}}, {"model": "store.userprint", "pk": 158, "fields": {"item": "MA11ZO001", "user": 19, "date": "2025-03-11T00:21:27.586", "comment": "designer_change_add"}}, {"model": "store.userprint", "pk": 159, "fields": {"item": "MA11ZO001", "user": 20, "date": "2025-03-11T00:22:05.566", "comment": ""}}, {"model": "store.userprint", "pk": 160, "fields": {"item": "MA11ZO001", "user": 10, "date": "2025-03-11T00:22:31.458", "comment": "operator_started_task"}}, {"model": "store.userprint", "pk": 161, "fields": {"item": "MA11ZO001", "user": 10, "date": "2025-03-11T00:22:33.399", "comment": "operator_finished_task"}}, {"model": "store.userprint", "pk": 162, "fields": {"item": "MA11ZO002", "user": 19, "date": "2025-03-11T00:29:30.807", "comment": "designer_change_add"}}, {"model": "store.userprint", "pk": 163, "fields": {"item": "MA08GE001", "user": 12, "date": "2025-03-11T00:30:26.848", "comment": "operator_started_task"}}, {"model": "store.userprint", "pk": 164, "fields": {"item": "MA11ZO002", "user": 20, "date": "2025-03-11T00:30:30.508", "comment": ""}}, {"model": "store.userprint", "pk": 165, "fields": {"item": "MA10ZO004", "user": 19, "date": "2025-03-11T00:33:36.385", "comment": "designer_change_add"}}, {"model": "store.userprint", "pk": 166, "fields": {"item": "MA10ZO004", "user": 20, "date": "2025-03-11T00:34:22.665", "comment": ""}}, {"model": "store.userprint", "pk": 167, "fields": {"item": "MA11ZO001", "user": 19, "date": "2025-03-11T00:38:30.578", "comment": "designer_change_add"}}, {"model": "store.userprint", "pk": 168, "fields": {"item": "MA11ZO002", "user": 19, "date": "2025-03-11T00:38:45.404", "comment": "designer_change_add"}}, {"model": "store.userprint", "pk": 169, "fields": {"item": "MA11ZO001", "user": 20, "date": "2025-03-11T00:39:25.882", "comment": ""}}, {"model": "store.userprint", "pk": 170, "fields": {"item": "MA11ZO002", "user": 20, "date": "2025-03-11T00:39:29.416", "comment": ""}}, {"model": "store.userprint", "pk": 171, "fields": {"item": "MA11ZO002", "user": 10, "date": "2025-03-11T00:39:58.905", "comment": "operator_started_task"}}, {"model": "store.userprint", "pk": 172, "fields": {"item": "MA11ZO002", "user": 10, "date": "2025-03-11T00:40:01.221", "comment": "operator_finished_task"}}, {"model": "store.userprint", "pk": 173, "fields": {"item": "MA11ZO001", "user": 10, "date": "2025-03-11T00:40:07.431", "comment": "operator_started_task"}}, {"model": "store.userprint", "pk": 174, "fields": {"item": "MA11ZO001", "user": 10, "date": "2025-03-11T00:40:09.230", "comment": "operator_finished_task"}}, {"model": "store.userprint", "pk": 175, "fields": {"item": "MA10NA007", "user": 10, "date": "2025-03-11T00:43:57.622", "comment": "operator_finished_task"}}, {"model": "store.userprint", "pk": 176, "fields": {"item": "MA11ZO002", "user": 19, "date": "2025-03-11T00:44:22.648", "comment": "designer_change_add"}}, {"model": "store.userprint", "pk": 177, "fields": {"item": "MA11ZO002", "user": 20, "date": "2025-03-11T00:45:02.228", "comment": ""}}]